Date,Animal,Price (Miles de Guaranies),Units Sold
2013-01-01,Horses,100,297
2013-01-02,Chicken,120,480
2013-01-03,Cow,200,372
2013-01-04,Pig,150,163
2013-01-05,Cow,200,245
2013-01-06,Cow,200,428
2013-01-07,Horses,100,155
2013-01-08,Horses,100,169
2013-01-09,Horses,100,311
2013-01-10,Horses,100,226
2013-01-11,Chicken,120,309
2013-01-12,Cow,200,342
2013-01-13,Cow,200,98
2013-01-14,Chicken,120,320
2013-01-15,Chicken,120,481
2013-01-16,Chicken,120,479
2013-01-17,Rabbits,60,154
2013-01-18,Cow,200,54
2013-01-19,Rabbits,60,156
2013-01-20,Rabbits,60,3
2013-01-21,Rabbits,60,52
2013-01-22,Chicken,120,475
2013-01-23,Rabbits,60,253
2013-01-24,Cow,200,153
2013-01-25,Horses,100,54
2013-01-26,Chicken,120,361
2013-01-27,Rabbits,60,447
2013-01-28,Pig,150,371
2013-01-29,Rabbits,60,275
2013-01-30,Cow,200,354
2013-01-31,Rabbits,60,392
2013-02-01,Horses,100,222
2013-02-02,Chicken,120,395
2013-02-03,Rabbits,60,391
2013-02-04,Rabbits,60,180
2013-02-05,Horses,100,241
2013-02-06,Rabbits,60,78
2013-02-07,Chicken,120,244
2013-02-08,Rabbits,60,41
2013-02-09,Horses,100,370
2013-02-10,Pig,150,387
2013-02-11,Horses,100,247
2013-02-12,Rabbits,60,224
2013-02-13,Pig,150,300
2013-02-14,Chicken,120,350
2013-02-15,Horses,100,387
2013-02-16,Pig,150,279
2013-02-17,Horses,100,189
2013-02-18,Pig,150,349
2013-02-19,Horses,100,10
2013-02-20,Cow,200,86
2013-02-21,Horses,100,208
2013-02-22,Rabbits,60,499
2013-02-23,Horses,100,210
2013-02-24,Horses,100,11
2013-02-25,Cow,200,335
2013-02-26,Cow,200,423
2013-02-27,Pig,150,479
2013-02-28,Chicken,120,315
2013-03-01,Cow,200,339
2013-03-02,Pig,150,259
2013-03-03,Chicken,120,478
2013-03-04,Horses,100,2
2013-03-05,Rabbits,60,187
2013-03-06,Horses,100,117
2013-03-07,Rabbits,60,155
2013-03-08,Pig,150,464
2013-03-09,Cow,200,243
2013-03-10,Pig,150,212
2013-03-11,Horses,100,196
2013-03-12,Pig,150,492
2013-03-13,Rabbits,60,150
2013-03-14,Chicken,120,280
2013-03-15,Chicken,120,202
2013-03-16,Pig,150,74
2013-03-17,Horses,100,146
2013-03-18,Chicken,120,279
2013-03-19,Pig,150,155
2013-03-20,Pig,150,172
2013-03-21,Rabbits,60,315
2013-03-22,Rabbits,60,265
2013-03-23,Pig,150,473
2013-03-24,Cow,200,231
2013-03-25,Horses,100,476
2013-03-26,Cow,200,375
2013-03-27,Horses,100,124
2013-03-28,Rabbits,60,402
2013-03-29,Chicken,120,320
2013-03-30,Horses,100,170
2013-03-31,Rabbits,60,258
2013-04-01,Horses,100,185
2013-04-02,Pig,150,207
2013-04-03,Horses,100,267
2013-04-04,Rabbits,60,476
2013-04-05,Pig,150,282
2013-04-06,Pig,150,349
2013-04-07,Pig,150,231
2013-04-08,Cow,200,96
2013-04-09,Pig,150,348
2013-04-10,Pig,150,93
2013-04-11,Rabbits,60,455
2013-04-12,Rabbits,60,119
2013-04-13,Cow,200,252
2013-04-14,Rabbits,60,332
2013-04-15,Horses,100,331
2013-04-16,Cow,200,403
2013-04-17,Pig,150,347
2013-04-18,Rabbits,60,497
2013-04-19,Horses,100,335
2013-04-20,Rabbits,60,314
2013-04-21,Horses,100,143
2013-04-22,Rabbits,60,80
2013-04-23,Rabbits,60,89
2013-04-24,Horses,100,175
2013-04-25,Pig,150,384
2013-04-26,Pig,150,147
2013-04-27,Chicken,120,450
2013-04-28,Horses,100,244
2013-04-29,Rabbits,60,498
2013-04-30,Chicken,120,51
2013-05-01,Horses,100,256
2013-05-02,Horses,100,371
2013-05-03,Horses,100,348
2013-05-04,Chicken,120,209
2013-05-05,Cow,200,66
2013-05-06,Rabbits,60,348
2013-05-07,Pig,150,308
2013-05-08,Cow,200,320
2013-05-09,Horses,100,382
2013-05-10,Pig,150,200
2013-05-11,Horses,100,492
2013-05-12,Rabbits,60,97
2013-05-13,Horses,100,446
2013-05-14,Rabbits,60,385
2013-05-15,Pig,150,337
2013-05-16,Chicken,120,324
2013-05-17,Chicken,120,372
2013-05-18,Chicken,120,24
2013-05-19,Chicken,120,164
2013-05-20,Chicken,120,121
2013-05-21,Horses,100,11
2013-05-22,Pig,150,145
2013-05-23,Cow,200,52
2013-05-24,Rabbits,60,479
2013-05-25,Chicken,120,117
2013-05-26,Rabbits,60,237
2013-05-27,Chicken,120,411
2013-05-28,Horses,100,336
2013-05-29,Cow,200,217
2013-05-30,Rabbits,60,141
2013-05-31,Horses,100,460
2013-06-01,Cow,200,18
2013-06-02,Horses,100,45
2013-06-03,Rabbits,60,272
2013-06-04,Cow,200,310
2013-06-05,Rabbits,60,300
2013-06-06,Pig,150,488
2013-06-07,Horses,100,391
2013-06-08,Rabbits,60,233
2013-06-09,Cow,200,472
2013-06-10,Chicken,120,258
2013-06-11,Cow,200,196
2013-06-12,Rabbits,60,27
2013-06-13,Pig,150,450
2013-06-14,Pig,150,63
2013-06-15,Horses,100,178
2013-06-16,Horses,100,346
2013-06-17,Chicken,120,140
2013-06-18,Chicken,120,459
2013-06-19,Horses,100,373
2013-06-20,Cow,200,420
2013-06-21,Rabbits,60,419
2013-06-22,Cow,200,81
2013-06-23,Horses,100,304
2013-06-24,Chicken,120,408
2013-06-25,Horses,100,96
2013-06-26,Pig,150,413
2013-06-27,Cow,200,143
2013-06-28,Horses,100,351
2013-06-29,Horses,100,406
2013-06-30,Horses,100,305
2013-07-01,Cow,200,484
2013-07-02,Rabbits,60,316
2013-07-03,Horses,100,365
2013-07-04,Pig,150,30
2013-07-05,Chicken,120,187
2013-07-06,Pig,150,170
2013-07-07,Horses,100,96
2013-07-08,Rabbits,60,456
2013-07-09,Pig,150,168
2013-07-10,Horses,100,254
2013-07-11,Pig,150,354
2013-07-12,Horses,100,236
2013-07-13,Cow,200,181
2013-07-14,Rabbits,60,428
2013-07-15,Cow,200,374
2013-07-16,Chicken,120,126
2013-07-17,Horses,100,347
2013-07-18,Rabbits,60,82
2013-07-19,Rabbits,60,344
2013-07-20,Pig,150,281
2013-07-21,Pig,150,85
2013-07-22,Rabbits,60,413
2013-07-23,Horses,100,6
2013-07-24,Horses,100,296
2013-07-25,Horses,100,311
2013-07-26,Pig,150,125
2013-07-27,Pig,150,463
2013-07-28,Cow,200,160
2013-07-29,Cow,200,71
2013-07-30,Horses,100,251
2013-07-31,Cow,200,245
2013-08-01,Chicken,120,239
2013-08-02,Horses,100,62
2013-08-03,Pig,150,48
2013-08-04,Horses,100,349
2013-08-05,Cow,200,432
2013-08-06,Rabbits,60,107
2013-08-07,Rabbits,60,196
2013-08-08,Rabbits,60,65
2013-08-09,Pig,150,358
2013-08-10,Pig,150,344
2013-08-11,Horses,100,387
2013-08-12,Cow,200,174
2013-08-13,Pig,150,488
2013-08-14,Pig,150,342
2013-08-15,Rabbits,60,209
2013-08-16,Chicken,120,144
2013-08-17,Chicken,120,283
2013-08-18,Horses,100,30
2013-08-19,Cow,200,105
2013-08-20,Pig,150,394
2013-08-21,Rabbits,60,242
2013-08-22,Cow,200,262
2013-08-23,Horses,100,245
2013-08-24,Cow,200,327
2013-08-25,Cow,200,365
2013-08-26,Cow,200,171
2013-08-27,Rabbits,60,49
2013-08-28,Chicken,120,293
2013-08-29,Horses,100,96
2013-08-30,Chicken,120,172
2013-08-31,Pig,150,16
2013-09-01,Chicken,120,188
2013-09-02,Rabbits,60,71
2013-09-03,Horses,100,406
2013-09-04,Horses,100,476
2013-09-05,Horses,100,53
2013-09-06,Rabbits,60,104
2013-09-07,Cow,200,5
2013-09-08,Chicken,120,482
2013-09-09,Pig,150,307
2013-09-10,Cow,200,224
2013-09-11,Chicken,120,306
2013-09-12,Cow,200,213
2013-09-13,Pig,150,158
2013-09-14,Rabbits,60,263
2013-09-15,Chicken,120,124
2013-09-16,Pig,150,60
2013-09-17,Cow,200,8
2013-09-18,Horses,100,94
2013-09-19,Cow,200,436
2013-09-20,Pig,150,479
2013-09-21,Horses,100,292
2013-09-22,Horses,100,414
2013-09-23,Chicken,120,410
2013-09-24,Cow,200,314
2013-09-25,Pig,150,217
2013-09-26,Chicken,120,33
2013-09-27,Chicken,120,173
2013-09-28,Horses,100,394
2013-09-29,Horses,100,339
2013-09-30,Rabbits,60,282
2013-10-01,Chicken,120,450
2013-10-02,Cow,200,134
2013-10-03,Chicken,120,356
2013-10-04,Cow,200,380
2013-10-05,Horses,100,42
2013-10-06,Pig,150,258
2013-10-07,Rabbits,60,250
2013-10-08,Chicken,120,105
2013-10-09,Rabbits,60,121
2013-10-10,Rabbits,60,5
2013-10-11,Cow,200,26
2013-10-12,Chicken,120,200
2013-10-13,Pig,150,251
2013-10-14,Pig,150,429
2013-10-15,Chicken,120,190
2013-10-16,Chicken,120,299
2013-10-17,Chicken,120,354
2013-10-18,Rabbits,60,9
2013-10-19,Pig,150,205
2013-10-20,Pig,150,234
2013-10-21,Chicken,120,50
2013-10-22,Cow,200,436
2013-10-23,Chicken,120,381
2013-10-24,Horses,100,348
2013-10-25,Chicken,120,79
2013-10-26,Cow,200,10
2013-10-27,Rabbits,60,322
2013-10-28,Rabbits,60,238
2013-10-29,Rabbits,60,211
2013-10-30,Pig,150,462
2013-10-31,Pig,150,473
2013-11-01,Horses,100,117
2013-11-02,Chicken,120,212
2013-11-03,Chicken,120,484
2013-11-04,Horses,100,379
2013-11-05,Pig,150,238
2013-11-06,Chicken,120,308
2013-11-07,Chicken,120,283
2013-11-08,Pig,150,76
2013-11-09,Horses,100,61
2013-11-10,Chicken,120,295
2013-11-11,Pig,150,285
2013-11-12,Cow,200,294
2013-11-13,Cow,200,357
2013-11-14,Chicken,120,325
2013-11-15,Rabbits,60,135
2013-11-16,Chicken,120,334
2013-11-17,Rabbits,60,115
2013-11-18,Horses,100,75
2013-11-19,Cow,200,198
2013-11-20,Pig,150,4
2013-11-21,Cow,200,236
2013-11-22,Rabbits,60,48
2013-11-23,Horses,100,462
2013-11-24,Pig,150,196
2013-11-25,Rabbits,60,95
2013-11-26,Pig,150,243
2013-11-27,Rabbits,60,405
2013-11-28,Cow,200,490
2013-11-29,Pig,150,211
2013-11-30,Cow,200,151
2013-12-01,Pig,150,471
2013-12-02,Rabbits,60,315
2013-12-03,Rabbits,60,433
2013-12-04,Rabbits,60,100
2013-12-05,Horses,100,70
2013-12-06,Chicken,120,67
2013-12-07,Horses,100,409
2013-12-08,Cow,200,390
2013-12-09,Cow,200,246
2013-12-10,Horses,100,183
2013-12-11,Chicken,120,177
2013-12-12,Cow,200,7
2013-12-13,Rabbits,60,478
2013-12-14,Rabbits,60,459
2013-12-15,Cow,200,437
2013-12-16,Horses,100,354
2013-12-17,Horses,100,299
2013-12-18,Horses,100,465
2013-12-19,Rabbits,60,223
2013-12-20,Chicken,120,176
2013-12-21,Cow,200,236
2013-12-22,Rabbits,60,278
2013-12-23,Rabbits,60,38
2013-12-24,Rabbits,60,420
2013-12-25,Chicken,120,266
2013-12-26,Cow,200,336
2013-12-27,Horses,100,393
2013-12-28,Chicken,120,249
2013-12-29,Cow,200,39
2013-12-30,Chicken,120,438
2013-12-31,Chicken,120,442
2014-01-01,Horses,100,93
2014-01-02,Horses,100,197
2014-01-03,Pig,150,80
2014-01-04,Pig,150,131
2014-01-05,Horses,100,489
2014-01-06,Horses,100,51
2014-01-07,Cow,200,426
2014-01-08,Cow,200,70
2014-01-09,Cow,200,283
2014-01-10,Cow,200,282
2014-01-11,Horses,100,291
2014-01-12,Chicken,120,435
2014-01-13,Pig,150,250
2014-01-14,Horses,100,438
2014-01-15,Cow,200,391
2014-01-16,Pig,150,279
2014-01-17,Cow,200,323
2014-01-18,Cow,200,10
2014-01-19,Pig,150,419
2014-01-20,Horses,100,193
2014-01-21,Cow,200,275
2014-01-22,Horses,100,362
2014-01-23,Pig,150,61
2014-01-24,Pig,150,482
2014-01-25,Cow,200,322
2014-01-26,Chicken,120,392
2014-01-27,Horses,100,436
2014-01-28,Pig,150,438
2014-01-29,Rabbits,60,206
2014-01-30,Chicken,120,29
2014-01-31,Rabbits,60,44
2014-02-01,Cow,200,371
2014-02-02,Chicken,120,44
2014-02-03,Cow,200,199
2014-02-04,Chicken,120,383
2014-02-05,Cow,200,85
2014-02-06,Cow,200,372
2014-02-07,Chicken,120,292
2014-02-08,Rabbits,60,388
2014-02-09,Cow,200,137
2014-02-10,Horses,100,422
2014-02-11,Cow,200,325
2014-02-12,Cow,200,141
2014-02-13,Rabbits,60,140
2014-02-14,Chicken,120,62
2014-02-15,Pig,150,3
2014-02-16,Horses,100,447
2014-02-17,Pig,150,305
2014-02-18,Chicken,120,353
2014-02-19,Horses,100,151
2014-02-20,Rabbits,60,131
2014-02-21,Horses,100,167
2014-02-22,Rabbits,60,381
2014-02-23,Chicken,120,267
2014-02-24,Chicken,120,101
2014-02-25,Cow,200,400
2014-02-26,Horses,100,393
2014-02-27,Horses,100,313
2014-02-28,Rabbits,60,297
2014-03-01,Chicken,120,72
2014-03-02,Cow,200,237
2014-03-03,Horses,100,346
2014-03-04,Horses,100,183
2014-03-05,Chicken,120,331
2014-03-06,Chicken,120,427
2014-03-07,Cow,200,371
2014-03-08,Chicken,120,112
2014-03-09,Rabbits,60,483
2014-03-10,Pig,150,168
2014-03-11,Chicken,120,198
2014-03-12,Pig,150,250
2014-03-13,Rabbits,60,337
2014-03-14,Cow,200,310
2014-03-15,Rabbits,60,464
2014-03-16,Pig,150,315
2014-03-17,Horses,100,269
2014-03-18,Horses,100,198
2014-03-19,Rabbits,60,132
2014-03-20,Pig,150,115
2014-03-21,Horses,100,392
2014-03-22,Rabbits,60,75
2014-03-23,Chicken,120,127
2014-03-24,Chicken,120,260
2014-03-25,Pig,150,291
2014-03-26,Pig,150,40
2014-03-27,Cow,200,160
2014-03-28,Pig,150,298
2014-03-29,Rabbits,60,444
2014-03-30,Horses,100,314
2014-03-31,Horses,100,481
2014-04-01,Chicken,120,65
2014-04-02,Rabbits,60,7
2014-04-03,Horses,100,340
2014-04-04,Rabbits,60,63
2014-04-05,Horses,100,221
2014-04-06,Chicken,120,279
2014-04-07,Cow,200,405
2014-04-08,Rabbits,60,256
2014-04-09,Cow,200,90
2014-04-10,Chicken,120,312
2014-04-11,Rabbits,60,476
2014-04-12,Cow,200,488
2014-04-13,Chicken,120,259
2014-04-14,Rabbits,60,291
2014-04-15,Rabbits,60,391
2014-04-16,Horses,100,266
2014-04-17,Rabbits,60,340
2014-04-18,Horses,100,9
2014-04-19,Rabbits,60,194
2014-04-20,Cow,200,471
2014-04-21,Cow,200,119
2014-04-22,Chicken,120,184
2014-04-23,Rabbits,60,92
2014-04-24,Pig,150,379
2014-04-25,Pig,150,112
2014-04-26,Cow,200,287
2014-04-27,Pig,150,7
2014-04-28,Horses,100,381
2014-04-29,Rabbits,60,465
2014-04-30,Rabbits,60,191
2014-05-01,Horses,100,387
2014-05-02,Pig,150,128
2014-05-03,Chicken,120,364
2014-05-04,Chicken,120,148
2014-05-05,Cow,200,261
2014-05-06,Horses,100,231
2014-05-07,Horses,100,347
2014-05-08,Pig,150,188
2014-05-09,Rabbits,60,16
2014-05-10,Horses,100,410
2014-05-11,Cow,200,78
2014-05-12,Cow,200,231
2014-05-13,Horses,100,203
2014-05-14,Horses,100,410
2014-05-15,Chicken,120,107
2014-05-16,Chicken,120,60
2014-05-17,Horses,100,228
2014-05-18,Cow,200,351
2014-05-19,Chicken,120,280
2014-05-20,Rabbits,60,459
2014-05-21,Rabbits,60,302
2014-05-22,Cow,200,185
2014-05-23,Cow,200,329
2014-05-24,Cow,200,407
2014-05-25,Horses,100,107
2014-05-26,Pig,150,14
2014-05-27,Chicken,120,284
2014-05-28,Chicken,120,145
2014-05-29,Chicken,120,178
2014-05-30,Cow,200,458
2014-05-31,Horses,100,352
2014-06-01,Pig,150,476
2014-06-02,Rabbits,60,281
2014-06-03,Horses,100,453
2014-06-04,Cow,200,362
2014-06-05,Cow,200,426
2014-06-06,Rabbits,60,166
2014-06-07,Rabbits,60,378
2014-06-08,Cow,200,201
2014-06-09,Horses,100,73
2014-06-10,Horses,100,280
2014-06-11,Cow,200,101
2014-06-12,Horses,100,441
2014-06-13,Cow,200,285
2014-06-14,Rabbits,60,373
2014-06-15,Rabbits,60,366
2014-06-16,Horses,100,6
2014-06-17,Chicken,120,496
2014-06-18,Rabbits,60,339
2014-06-19,Pig,150,391
2014-06-20,Cow,200,498
2014-06-21,Pig,150,193
2014-06-22,Pig,150,139
2014-06-23,Rabbits,60,315
2014-06-24,Chicken,120,322
2014-06-25,Rabbits,60,402
2014-06-26,Horses,100,301
2014-06-27,Chicken,120,230
2014-06-28,Cow,200,368
2014-06-29,Chicken,120,247
2014-06-30,Horses,100,4
2014-07-01,Horses,100,160
2014-07-02,Horses,100,83
2014-07-03,Chicken,120,237
2014-07-04,Chicken,120,350
2014-07-05,Rabbits,60,438
2014-07-06,Horses,100,47
2014-07-07,Rabbits,60,107
2014-07-08,Rabbits,60,19
2014-07-09,Rabbits,60,77
2014-07-10,Rabbits,60,257
2014-07-11,Chicken,120,459
2014-07-12,Rabbits,60,272
2014-07-13,Chicken,120,241
2014-07-14,Chicken,120,121
2014-07-15,Chicken,120,444
2014-07-16,Rabbits,60,363
2014-07-17,Rabbits,60,201
2014-07-18,Cow,200,499
2014-07-19,Horses,100,389
2014-07-20,Chicken,120,283
2014-07-21,Horses,100,30
2014-07-22,Pig,150,98
2014-07-23,Rabbits,60,405
2014-07-24,Horses,100,222
2014-07-25,Cow,200,318
2014-07-26,Pig,150,67
2014-07-27,Chicken,120,439
2014-07-28,Chicken,120,496
2014-07-29,Rabbits,60,228
2014-07-30,Cow,200,166
2014-07-31,Rabbits,60,262
2014-08-01,Cow,200,169
2014-08-02,Rabbits,60,73
2014-08-03,Rabbits,60,347
2014-08-04,Chicken,120,167
2014-08-05,Chicken,120,88
2014-08-06,Rabbits,60,343
2014-08-07,Rabbits,60,431
2014-08-08,Pig,150,213
2014-08-09,Rabbits,60,381
2014-08-10,Rabbits,60,20
2014-08-11,Horses,100,63
2014-08-12,Rabbits,60,56
2014-08-13,Chicken,120,159
2014-08-14,Cow,200,35
2014-08-15,Cow,200,42
2014-08-16,Horses,100,238
2014-08-17,Pig,150,272
2014-08-18,Chicken,120,5
2014-08-19,Rabbits,60,454
2014-08-20,Horses,100,336
2014-08-21,Rabbits,60,324
2014-08-22,Horses,100,175
2014-08-23,Chicken,120,300
2014-08-24,Rabbits,60,58
2014-08-25,Horses,100,379
2014-08-26,Rabbits,60,245
2014-08-27,Cow,200,300
2014-08-28,Rabbits,60,193
2014-08-29,Pig,150,407
2014-08-30,Chicken,120,422
2014-08-31,Horses,100,274
2014-09-01,Rabbits,60,11
2014-09-02,Chicken,120,371
2014-09-03,Rabbits,60,346
2014-09-04,Horses,100,366
2014-09-05,Rabbits,60,452
2014-09-06,Pig,150,417
2014-09-07,Horses,100,56
2014-09-08,Pig,150,175
2014-09-09,Horses,100,411
2014-09-10,Horses,100,18
2014-09-11,Chicken,120,215
2014-09-12,Horses,100,195
2014-09-13,Rabbits,60,144
2014-09-14,Rabbits,60,153
2014-09-15,Rabbits,60,71
2014-09-16,Rabbits,60,416
2014-09-17,Rabbits,60,154
2014-09-18,Rabbits,60,103
2014-09-19,Rabbits,60,442
2014-09-20,Cow,200,89
2014-09-21,Rabbits,60,465
2014-09-22,Chicken,120,165
2014-09-23,Horses,100,202
2014-09-24,Cow,200,148
2014-09-25,Rabbits,60,404
2014-09-26,Rabbits,60,149
2014-09-27,Rabbits,60,278
2014-09-28,Chicken,120,58
2014-09-29,Rabbits,60,75
2014-09-30,Rabbits,60,252
2014-10-01,Cow,200,345
2014-10-02,Pig,150,378
2014-10-03,Horses,100,363
2014-10-04,Cow,200,248
2014-10-05,Pig,150,340
2014-10-06,Chicken,120,327
2014-10-07,Rabbits,60,348
2014-10-08,Rabbits,60,156
2014-10-09,Cow,200,88
2014-10-10,Chicken,120,480
2014-10-11,Pig,150,450
2014-10-12,Cow,200,432
2014-10-13,Cow,200,86
2014-10-14,Chicken,120,387
2014-10-15,Chicken,120,63
2014-10-16,Rabbits,60,390
2014-10-17,Pig,150,323
2014-10-18,Pig,150,176
2014-10-19,Cow,200,489
2014-10-20,Horses,100,213
2014-10-21,Rabbits,60,279
2014-10-22,Horses,100,79
2014-10-23,Pig,150,489
2014-10-24,Rabbits,60,425
2014-10-25,Chicken,120,290
2014-10-26,Rabbits,60,456
2014-10-27,Chicken,120,413
2014-10-28,Pig,150,71
2014-10-29,Chicken,120,440
2014-10-30,Chicken,120,402
2014-10-31,Pig,150,375
2014-11-01,Pig,150,123
2014-11-02,Chicken,120,375
2014-11-03,Horses,100,338
2014-11-04,Horses,100,132
2014-11-05,Horses,100,152
2014-11-06,Horses,100,237
2014-11-07,Cow,200,167
2014-11-08,Cow,200,63
2014-11-09,Rabbits,60,191
2014-11-10,Rabbits,60,59
2014-11-11,Rabbits,60,198
2014-11-12,Chicken,120,362
2014-11-13,Horses,100,315
2014-11-14,Pig,150,426
2014-11-15,Horses,100,117
2014-11-16,Chicken,120,336
2014-11-17,Chicken,120,165
2014-11-18,Rabbits,60,197
2014-11-19,Rabbits,60,23
2014-11-20,Horses,100,94
2014-11-21,Cow,200,461
2014-11-22,Rabbits,60,178
2014-11-23,Horses,100,45
2014-11-24,Cow,200,390
2014-11-25,Horses,100,28
2014-11-26,Horses,100,372
2014-11-27,Cow,200,393
2014-11-28,Cow,200,486
2014-11-29,Cow,200,95
2014-11-30,Cow,200,261
2014-12-01,Cow,200,375
2014-12-02,Cow,200,239
2014-12-03,Pig,150,71
2014-12-04,Pig,150,118
2014-12-05,Cow,200,140
2014-12-06,Cow,200,270
2014-12-07,Chicken,120,63
2014-12-08,Chicken,120,329
2014-12-09,Cow,200,382
2014-12-10,Cow,200,76
2014-12-11,Cow,200,338
2014-12-12,Pig,150,10
2014-12-13,Horses,100,22
2014-12-14,Rabbits,60,389
2014-12-15,Chicken,120,275
2014-12-16,Horses,100,109
2014-12-17,Rabbits,60,449
2014-12-18,Chicken,120,392
2014-12-19,Pig,150,407
2014-12-20,Pig,150,11
2014-12-21,Rabbits,60,300
2014-12-22,Chicken,120,271
2014-12-23,Horses,100,272
2014-12-24,Cow,200,474
2014-12-25,Pig,150,121
2014-12-26,Chicken,120,166
2014-12-27,Horses,100,480
2014-12-28,Pig,150,165
2014-12-29,Pig,150,456
2014-12-30,Chicken,120,181
2014-12-31,Cow,200,488
2015-01-01,Cow,200,105
2015-01-02,Rabbits,60,111
2015-01-03,Chicken,120,38
2015-01-04,Cow,200,350
2015-01-05,Pig,150,308
2015-01-06,Rabbits,60,120
2015-01-07,Rabbits,60,205
2015-01-08,Horses,100,400
2015-01-09,Pig,150,155
2015-01-10,Pig,150,93
2015-01-11,Horses,100,36
2015-01-12,Pig,150,453
2015-01-13,Horses,100,241
2015-01-14,Chicken,120,219
2015-01-15,Horses,100,285
2015-01-16,Pig,150,485
2015-01-17,Chicken,120,28
2015-01-18,Horses,100,357
2015-01-19,Pig,150,27
2015-01-20,Cow,200,384
2015-01-21,Cow,200,317
2015-01-22,Horses,100,410
2015-01-23,Horses,100,480
2015-01-24,Horses,100,248
2015-01-25,Chicken,120,317
2015-01-26,Pig,150,118
2015-01-27,Horses,100,116
2015-01-28,Pig,150,249
2015-01-29,Pig,150,158
2015-01-30,Cow,200,356
2015-01-31,Chicken,120,390
2015-02-01,Horses,100,155
2015-02-02,Chicken,120,315
2015-02-03,Chicken,120,240
2015-02-04,Cow,200,61
2015-02-05,Rabbits,60,447
2015-02-06,Pig,150,480
2015-02-07,Rabbits,60,188
2015-02-08,Rabbits,60,170
2015-02-09,Chicken,120,45
2015-02-10,Rabbits,60,249
2015-02-11,Horses,100,291
2015-02-12,Chicken,120,444
2015-02-13,Horses,100,156
2015-02-14,Chicken,120,152
2015-02-15,Chicken,120,226
2015-02-16,Chicken,120,314
2015-02-17,Pig,150,336
2015-02-18,Rabbits,60,341
2015-02-19,Rabbits,60,490
2015-02-20,Pig,150,214
2015-02-21,Horses,100,368
2015-02-22,Chicken,120,253
2015-02-23,Rabbits,60,27
2015-02-24,Cow,200,60
2015-02-25,Rabbits,60,189
2015-02-26,Rabbits,60,285
2015-02-27,Horses,100,496
2015-02-28,Rabbits,60,452
2015-03-01,Cow,200,44
2015-03-02,Rabbits,60,151
2015-03-03,Rabbits,60,467
2015-03-04,Pig,150,19
2015-03-05,Horses,100,371
2015-03-06,Horses,100,382
2015-03-07,Rabbits,60,309
2015-03-08,Rabbits,60,301
2015-03-09,Horses,100,306
2015-03-10,Pig,150,73
2015-03-11,Pig,150,179
2015-03-12,Chicken,120,172
2015-03-13,Cow,200,158
2015-03-14,Chicken,120,241
2015-03-15,Rabbits,60,413
2015-03-16,Cow,200,358
2015-03-17,Horses,100,306
2015-03-18,Rabbits,60,327
2015-03-19,Horses,100,113
2015-03-20,Chicken,120,424
2015-03-21,Cow,200,7
2015-03-22,Chicken,120,66
2015-03-23,Pig,150,34
2015-03-24,Pig,150,243
2015-03-25,Rabbits,60,113
2015-03-26,Rabbits,60,247
2015-03-27,Horses,100,90
2015-03-28,Horses,100,250
2015-03-29,Chicken,120,161
2015-03-30,Pig,150,364
2015-03-31,Horses,100,413
2015-04-01,Horses,100,180
2015-04-02,Pig,150,147
2015-04-03,Pig,150,304
2015-04-04,Chicken,120,428
2015-04-05,Rabbits,60,371
2015-04-06,Pig,150,110
2015-04-07,Pig,150,96
2015-04-08,Horses,100,481
2015-04-09,Cow,200,178
2015-04-10,Cow,200,91
2015-04-11,Chicken,120,455
2015-04-12,Cow,200,432
2015-04-13,Horses,100,58
2015-04-14,Horses,100,409
2015-04-15,Chicken,120,201
2015-04-16,Horses,100,270
2015-04-17,Chicken,120,112
2015-04-18,Cow,200,297
2015-04-19,Rabbits,60,451
2015-04-20,Cow,200,187
2015-04-21,Cow,200,257
2015-04-22,Chicken,120,26
2015-04-23,Rabbits,60,474
2015-04-24,Pig,150,372
2015-04-25,Pig,150,8
2015-04-26,Pig,150,337
2015-04-27,Chicken,120,479
2015-04-28,Horses,100,28
2015-04-29,Cow,200,105
2015-04-30,Horses,100,445
2015-05-01,Horses,100,142
2015-05-02,Rabbits,60,282
2015-05-03,Horses,100,8
2015-05-04,Rabbits,60,175
2015-05-05,Horses,100,398
2015-05-06,Horses,100,437
2015-05-07,Rabbits,60,63
2015-05-08,Horses,100,204
2015-05-09,Horses,100,129
2015-05-10,Pig,150,230
2015-05-11,Chicken,120,263
2015-05-12,Chicken,120,403
2015-05-13,Pig,150,444
2015-05-14,Chicken,120,77
2015-05-15,Pig,150,148
2015-05-16,Rabbits,60,125
2015-05-17,Pig,150,446
2015-05-18,Cow,200,191
2015-05-19,Horses,100,438
2015-05-20,Cow,200,215
2015-05-21,Cow,200,107
2015-05-22,Rabbits,60,303
2015-05-23,Pig,150,263
2015-05-24,Horses,100,443
2015-05-25,Horses,100,385
2015-05-26,Pig,150,427
2015-05-27,Cow,200,342
2015-05-28,Horses,100,291
2015-05-29,Horses,100,154
2015-05-30,Horses,100,230
2015-05-31,Horses,100,279
2015-06-01,Rabbits,60,453
2015-06-02,Pig,150,117
2015-06-03,Pig,150,253
2015-06-04,Chicken,120,153
2015-06-05,Pig,150,5
2015-06-06,Chicken,120,337
2015-06-07,Horses,100,88
2015-06-08,Pig,150,226
2015-06-09,Cow,200,131
2015-06-10,Chicken,120,76
2015-06-11,Chicken,120,161
2015-06-12,Chicken,120,366
2015-06-13,Rabbits,60,87
2015-06-14,Horses,100,275
2015-06-15,Rabbits,60,11
2015-06-16,Rabbits,60,205
2015-06-17,Chicken,120,417
2015-06-18,Pig,150,426
2015-06-19,Rabbits,60,14
2015-06-20,Pig,150,479
2015-06-21,Chicken,120,124
2015-06-22,Rabbits,60,24
2015-06-23,Rabbits,60,406
2015-06-24,Horses,100,208
2015-06-25,Horses,100,205
2015-06-26,Rabbits,60,334
2015-06-27,Cow,200,409
2015-06-28,Rabbits,60,177
2015-06-29,Rabbits,60,343
2015-06-30,Chicken,120,390
2015-07-01,Pig,150,370
2015-07-02,Chicken,120,210
2015-07-03,Cow,200,322
2015-07-04,Pig,150,15
2015-07-05,Cow,200,434
2015-07-06,Rabbits,60,163
2015-07-07,Rabbits,60,170
2015-07-08,Cow,200,326
2015-07-09,Horses,100,347
2015-07-10,Rabbits,60,165
2015-07-11,Rabbits,60,463
2015-07-12,Chicken,120,405
2015-07-13,Chicken,120,79
2015-07-14,Chicken,120,485
2015-07-15,Cow,200,23
2015-07-16,Horses,100,246
2015-07-17,Cow,200,12
2015-07-18,Rabbits,60,216
2015-07-19,Cow,200,311
2015-07-20,Rabbits,60,177
2015-07-21,Cow,200,350
2015-07-22,Horses,100,370
2015-07-23,Rabbits,60,147
2015-07-24,Rabbits,60,135
2015-07-25,Cow,200,289
2015-07-26,Horses,100,24
2015-07-27,Chicken,120,5
2015-07-28,Rabbits,60,344
2015-07-29,Chicken,120,168
2015-07-30,Horses,100,443
2015-07-31,Pig,150,95
2015-08-01,Pig,150,215
2015-08-02,Pig,150,294
2015-08-03,Pig,150,306
2015-08-04,Rabbits,60,111
2015-08-05,Pig,150,63
2015-08-06,Rabbits,60,60
2015-08-07,Rabbits,60,426
2015-08-08,Chicken,120,172
2015-08-09,Cow,200,385
2015-08-10,Rabbits,60,78
2015-08-11,Chicken,120,208
2015-08-12,Cow,200,116
2015-08-13,Rabbits,60,74
2015-08-14,Horses,100,169
2015-08-15,Cow,200,362
2015-08-16,Cow,200,258
2015-08-17,Chicken,120,89
2015-08-18,Rabbits,60,455
2015-08-19,Chicken,120,378
2015-08-20,Horses,100,209
2015-08-21,Chicken,120,338
2015-08-22,Rabbits,60,218
2015-08-23,Cow,200,176
2015-08-24,Pig,150,343
2015-08-25,Cow,200,157
2015-08-26,Cow,200,105
2015-08-27,Pig,150,63
2015-08-28,Rabbits,60,413
2015-08-29,Chicken,120,458
2015-08-30,Chicken,120,266
2015-08-31,Rabbits,60,26
2015-09-01,Cow,200,325
2015-09-02,Cow,200,204
2015-09-03,Rabbits,60,232
2015-09-04,Cow,200,207
2015-09-05,Pig,150,236
2015-09-06,Cow,200,67
2015-09-07,Pig,150,369
2015-09-08,Chicken,120,170
2015-09-09,Cow,200,326
2015-09-10,Horses,100,73
2015-09-11,Pig,150,341
2015-09-12,Pig,150,209
2015-09-13,Cow,200,486
2015-09-14,Cow,200,152
2015-09-15,Pig,150,85
2015-09-16,Chicken,120,499
2015-09-17,Cow,200,116
2015-09-18,Rabbits,60,198
2015-09-19,Horses,100,78
2015-09-20,Pig,150,193
2015-09-21,Chicken,120,332
2015-09-22,Horses,100,10
2015-09-23,Cow,200,43
2015-09-24,Horses,100,20
2015-09-25,Chicken,120,40
2015-09-26,Cow,200,133
2015-09-27,Horses,100,234
2015-09-28,Rabbits,60,419
2015-09-29,Rabbits,60,79
2015-09-30,Chicken,120,322
2015-10-01,Horses,100,141
2015-10-02,Pig,150,233
2015-10-03,Cow,200,164
2015-10-04,Cow,200,98
2015-10-05,Chicken,120,434
2015-10-06,Horses,100,434
2015-10-07,Cow,200,305
2015-10-08,Horses,100,164
2015-10-09,Rabbits,60,405
2015-10-10,Rabbits,60,25
2015-10-11,Chicken,120,228
2015-10-12,Chicken,120,225
2015-10-13,Rabbits,60,89
2015-10-14,Pig,150,326
2015-10-15,Cow,200,223
2015-10-16,Cow,200,118
2015-10-17,Pig,150,43
2015-10-18,Pig,150,346
2015-10-19,Cow,200,108
2015-10-20,Horses,100,204
2015-10-21,Chicken,120,154
2015-10-22,Pig,150,358
2015-10-23,Rabbits,60,28
2015-10-24,Cow,200,378
2015-10-25,Chicken,120,62
2015-10-26,Pig,150,474
2015-10-27,Chicken,120,328
2015-10-28,Horses,100,371
2015-10-29,Cow,200,198
2015-10-30,Cow,200,220
2015-10-31,Horses,100,250
2015-11-01,Chicken,120,61
2015-11-02,Cow,200,293
2015-11-03,Rabbits,60,118
2015-11-04,Cow,200,1
2015-11-05,Rabbits,60,298
2015-11-06,Chicken,120,229
2015-11-07,Pig,150,94
2015-11-08,Chicken,120,434
2015-11-09,Cow,200,292
2015-11-10,Pig,150,450
2015-11-11,Rabbits,60,479
2015-11-12,Pig,150,370
2015-11-13,Cow,200,88
2015-11-14,Chicken,120,43
2015-11-15,Rabbits,60,485
2015-11-16,Rabbits,60,434
2015-11-17,Cow,200,58
2015-11-18,Cow,200,142
2015-11-19,Horses,100,267
2015-11-20,Chicken,120,74
2015-11-21,Rabbits,60,445
2015-11-22,Horses,100,428
2015-11-23,Rabbits,60,238
2015-11-24,Chicken,120,286
2015-11-25,Rabbits,60,272
2015-11-26,Chicken,120,232
2015-11-27,Chicken,120,434
2015-11-28,Horses,100,330
2015-11-29,Chicken,120,78
2015-11-30,Pig,150,18
2015-12-01,Horses,100,263
2015-12-02,Chicken,120,407
2015-12-03,Chicken,120,106
2015-12-04,Cow,200,49
2015-12-05,Horses,100,140
2015-12-06,Horses,100,226
2015-12-07,Chicken,120,443
2015-12-08,Pig,150,460
2015-12-09,Rabbits,60,107
2015-12-10,Pig,150,61
2015-12-11,Cow,200,387
2015-12-12,Pig,150,492
2015-12-13,Chicken,120,440
2015-12-14,Cow,200,189
2015-12-15,Horses,100,184
2015-12-16,Horses,100,286
2015-12-17,Pig,150,453
2015-12-18,Cow,200,163
2015-12-19,Horses,100,70
2015-12-20,Cow,200,449
2015-12-21,Horses,100,412
2015-12-22,Pig,150,295
2015-12-23,Rabbits,60,412
2015-12-24,Cow,200,42
2015-12-25,Pig,150,409
2015-12-26,Chicken,120,408
2015-12-27,Horses,100,254
2015-12-28,Rabbits,60,370
2015-12-29,Horses,100,123
2015-12-30,Rabbits,60,3
2015-12-31,Cow,200,179
2016-01-01,Cow,200,24
2016-01-02,Horses,100,360
2016-01-03,Cow,200,241
2016-01-04,Cow,200,91
2016-01-05,Pig,150,242
2016-01-06,Pig,150,42
2016-01-07,Pig,150,99
2016-01-08,Cow,200,288
2016-01-09,Pig,150,269
2016-01-10,Chicken,120,11
2016-01-11,Rabbits,60,21
2016-01-12,Pig,150,66
2016-01-13,Rabbits,60,260
2016-01-14,Rabbits,60,276
2016-01-15,Chicken,120,92
2016-01-16,Pig,150,293
2016-01-17,Pig,150,160
2016-01-18,Pig,150,498
2016-01-19,Horses,100,262
2016-01-20,Pig,150,332
2016-01-21,Rabbits,60,56
2016-01-22,Pig,150,208
2016-01-23,Horses,100,225
2016-01-24,Chicken,120,326
2016-01-25,Chicken,120,346
2016-01-26,Pig,150,250
2016-01-27,Rabbits,60,242
2016-01-28,Chicken,120,2
2016-01-29,Rabbits,60,88
2016-01-30,Cow,200,363
2016-01-31,Rabbits,60,330
2016-02-01,Pig,150,157
2016-02-02,Chicken,120,332
2016-02-03,Chicken,120,52
2016-02-04,Cow,200,367
2016-02-05,Rabbits,60,308
2016-02-06,Pig,150,340
2016-02-07,Chicken,120,173
2016-02-08,Rabbits,60,55
2016-02-09,Rabbits,60,117
2016-02-10,Cow,200,292
2016-02-11,Horses,100,409
2016-02-12,Chicken,120,155
2016-02-13,Horses,100,56
2016-02-14,Pig,150,271
2016-02-15,Horses,100,66
2016-02-16,Cow,200,161
2016-02-17,Horses,100,274
2016-02-18,Chicken,120,64
2016-02-19,Horses,100,238
2016-02-20,Pig,150,113
2016-02-21,Horses,100,446
2016-02-22,Horses,100,108
2016-02-23,Cow,200,241
2016-02-24,Chicken,120,36
2016-02-25,Rabbits,60,309
2016-02-26,Rabbits,60,198
2016-02-27,Horses,100,143
2016-02-28,Pig,150,123
2016-02-29,Pig,150,79
2016-03-01,Rabbits,60,44
2016-03-02,Chicken,120,273
2016-03-03,Rabbits,60,176
2016-03-04,Horses,100,438
2016-03-05,Horses,100,320
2016-03-06,Cow,200,197
2016-03-07,Rabbits,60,427
2016-03-08,Pig,150,262
2016-03-09,Chicken,120,130
2016-03-10,Rabbits,60,286
2016-03-11,Rabbits,60,203
2016-03-12,Chicken,120,335
2016-03-13,Horses,100,249
2016-03-14,Cow,200,198
2016-03-15,Cow,200,257
2016-03-16,Horses,100,165
2016-03-17,Horses,100,71
2016-03-18,Cow,200,224
2016-03-19,Rabbits,60,313
2016-03-20,Horses,100,458
2016-03-21,Rabbits,60,449
2016-03-22,Cow,200,239
2016-03-23,Horses,100,437
2016-03-24,Pig,150,402
2016-03-25,Pig,150,440
2016-03-26,Rabbits,60,382
2016-03-27,Pig,150,343
2016-03-28,Pig,150,122
2016-03-29,Cow,200,407
2016-03-30,Cow,200,365
2016-03-31,Horses,100,303
2016-04-01,Horses,100,481
2016-04-02,Pig,150,457
2016-04-03,Horses,100,286
2016-04-04,Pig,150,108
2016-04-05,Horses,100,50
2016-04-06,Cow,200,97
2016-04-07,Pig,150,365
2016-04-08,Cow,200,168
2016-04-09,Pig,150,313
2016-04-10,Cow,200,478
2016-04-11,Horses,100,416
2016-04-12,Pig,150,403
2016-04-13,Pig,150,196
2016-04-14,Chicken,120,64
2016-04-15,Horses,100,229
2016-04-16,Pig,150,226
2016-04-17,Pig,150,496
2016-04-18,Cow,200,477
2016-04-19,Cow,200,212
2016-04-20,Chicken,120,179
2016-04-21,Horses,100,321
2016-04-22,Pig,150,257
2016-04-23,Pig,150,481
2016-04-24,Chicken,120,475
2016-04-25,Horses,100,392
2016-04-26,Pig,150,357
2016-04-27,Horses,100,317
2016-04-28,Cow,200,462
2016-04-29,Cow,200,257
2016-04-30,Rabbits,60,422
2016-05-01,Horses,100,386
2016-05-02,Horses,100,377
2016-05-03,Horses,100,76
2016-05-04,Cow,200,353
2016-05-05,Cow,200,86
2016-05-06,Horses,100,273
2016-05-07,Horses,100,322
2016-05-08,Horses,100,329
2016-05-09,Chicken,120,7
2016-05-10,Chicken,120,483
2016-05-11,Pig,150,220
2016-05-12,Cow,200,442
2016-05-13,Cow,200,305
2016-05-14,Horses,100,405
2016-05-15,Cow,200,36
2016-05-16,Cow,200,264
2016-05-17,Chicken,120,237
2016-05-18,Cow,200,270
2016-05-19,Horses,100,46
2016-05-20,Chicken,120,340
2016-05-21,Horses,100,127
2016-05-22,Chicken,120,498
2016-05-23,Horses,100,383
2016-05-24,Horses,100,286
2016-05-25,Chicken,120,15
2016-05-26,Rabbits,60,481
2016-05-27,Horses,100,12
2016-05-28,Rabbits,60,51
2016-05-29,Cow,200,297
2016-05-30,Cow,200,329
2016-05-31,Horses,100,213
2016-06-01,Pig,150,373
2016-06-02,Pig,150,53
2016-06-03,Chicken,120,305
2016-06-04,Chicken,120,228
2016-06-05,Pig,150,301
2016-06-06,Rabbits,60,242
2016-06-07,Chicken,120,10
2016-06-08,Cow,200,326
2016-06-09,Rabbits,60,384
2016-06-10,Cow,200,338
2016-06-11,Pig,150,446
2016-06-12,Pig,150,399
2016-06-13,Cow,200,189
2016-06-14,Chicken,120,229
2016-06-15,Horses,100,270
2016-06-16,Cow,200,196
2016-06-17,Pig,150,30
2016-06-18,Chicken,120,135
2016-06-19,Cow,200,428
2016-06-20,Pig,150,490
2016-06-21,Horses,100,358
2016-06-22,Rabbits,60,441
2016-06-23,Cow,200,433
2016-06-24,Horses,100,461
2016-06-25,Horses,100,477
2016-06-26,Pig,150,81
2016-06-27,Cow,200,492
2016-06-28,Horses,100,352
2016-06-29,Pig,150,253
2016-06-30,Cow,200,282
2016-07-01,Rabbits,60,367
2016-07-02,Cow,200,447
2016-07-03,Horses,100,99
2016-07-04,Rabbits,60,435
2016-07-05,Cow,200,216
2016-07-06,Pig,150,414
2016-07-07,Horses,100,233
2016-07-08,Cow,200,367
2016-07-09,Chicken,120,451
2016-07-10,Rabbits,60,70
2016-07-11,Chicken,120,481
2016-07-12,Chicken,120,198
2016-07-13,Cow,200,383
2016-07-14,Rabbits,60,144
2016-07-15,Cow,200,339
2016-07-16,Pig,150,69
2016-07-17,Cow,200,274
2016-07-18,Horses,100,454
2016-07-19,Pig,150,294
2016-07-20,Pig,150,301
2016-07-21,Chicken,120,152
2016-07-22,Cow,200,53
2016-07-23,Pig,150,331
2016-07-24,Horses,100,413
2016-07-25,Horses,100,404
2016-07-26,Rabbits,60,126
2016-07-27,Rabbits,60,48
2016-07-28,Rabbits,60,497
2016-07-29,Pig,150,105
2016-07-30,Rabbits,60,125
2016-07-31,Rabbits,60,136
2016-08-01,Horses,100,132
2016-08-02,Chicken,120,169
2016-08-03,Rabbits,60,261
2016-08-04,Horses,100,153
2016-08-05,Chicken,120,409
2016-08-06,Pig,150,236
2016-08-07,Cow,200,177
2016-08-08,Chicken,120,157
2016-08-09,Horses,100,338
2016-08-10,Cow,200,127
2016-08-11,Pig,150,229
2016-08-12,Cow,200,372
2016-08-13,Pig,150,44
2016-08-14,Horses,100,89
2016-08-15,Chicken,120,106
2016-08-16,Pig,150,6
2016-08-17,Chicken,120,467
2016-08-18,Rabbits,60,185
2016-08-19,Horses,100,22
2016-08-20,Cow,200,318
2016-08-21,Pig,150,33
2016-08-22,Cow,200,234
2016-08-23,Horses,100,346
2016-08-24,Pig,150,223
2016-08-25,Cow,200,201
2016-08-26,Chicken,120,78
2016-08-27,Horses,100,392
2016-08-28,Pig,150,240
2016-08-29,Pig,150,436
2016-08-30,Horses,100,466
2016-08-31,Horses,100,474
2016-09-01,Pig,150,96
2016-09-02,Rabbits,60,376
2016-09-03,Chicken,120,331
2016-09-04,Pig,150,46
2016-09-05,Cow,200,473
2016-09-06,Cow,200,400
2016-09-07,Pig,150,471
2016-09-08,Pig,150,62
2016-09-09,Chicken,120,82
2016-09-10,Cow,200,22
2016-09-11,Cow,200,491
2016-09-12,Chicken,120,277
2016-09-13,Cow,200,36
2016-09-14,Rabbits,60,441
2016-09-15,Pig,150,166
2016-09-16,Rabbits,60,187
2016-09-17,Horses,100,363
2016-09-18,Chicken,120,236
2016-09-19,Chicken,120,371
2016-09-20,Chicken,120,391
2016-09-21,Chicken,120,321
2016-09-22,Cow,200,5
2016-09-23,Cow,200,153
2016-09-24,Chicken,120,104
2016-09-25,Horses,100,23
2016-09-26,Cow,200,316
2016-09-27,Pig,150,454
2016-09-28,Rabbits,60,120
2016-09-29,Chicken,120,374
2016-09-30,Cow,200,38
2016-10-01,Horses,100,145
2016-10-02,Chicken,120,56
2016-10-03,Pig,150,439
2016-10-04,Cow,200,206
2016-10-05,Chicken,120,402
2016-10-06,Pig,150,411
2016-10-07,Cow,200,486
2016-10-08,Pig,150,186
2016-10-09,Rabbits,60,26
2016-10-10,Cow,200,78
2016-10-11,Rabbits,60,492
2016-10-12,Cow,200,194
2016-10-13,Chicken,120,491
2016-10-14,Horses,100,22
2016-10-15,Horses,100,461
2016-10-16,Rabbits,60,217
2016-10-17,Horses,100,318
2016-10-18,Horses,100,32
2016-10-19,Pig,150,341
2016-10-20,Horses,100,48
2016-10-21,Chicken,120,288
2016-10-22,Horses,100,383
2016-10-23,Horses,100,239
2016-10-24,Rabbits,60,148
2016-10-25,Rabbits,60,128
2016-10-26,Rabbits,60,155
2016-10-27,Rabbits,60,102
2016-10-28,Cow,200,265
2016-10-29,Chicken,120,307
2016-10-30,Pig,150,297
2016-10-31,Cow,200,20
2016-11-01,Cow,200,343
2016-11-02,Rabbits,60,448
2016-11-03,Chicken,120,444
2016-11-04,Chicken,120,443
2016-11-05,Chicken,120,262
2016-11-06,Rabbits,60,318
2016-11-07,Rabbits,60,195
2016-11-08,Chicken,120,495
2016-11-09,Cow,200,377
2016-11-10,Chicken,120,493
2016-11-11,Rabbits,60,189
2016-11-12,Horses,100,55
2016-11-13,Chicken,120,103
2016-11-14,Rabbits,60,358
2016-11-15,Chicken,120,146
2016-11-16,Chicken,120,107
2016-11-17,Cow,200,12
2016-11-18,Rabbits,60,402
2016-11-19,Chicken,120,90
2016-11-20,Horses,100,25
2016-11-21,Rabbits,60,19
2016-11-22,Cow,200,435
2016-11-23,Rabbits,60,374
2016-11-24,Rabbits,60,342
2016-11-25,Pig,150,57
2016-11-26,Horses,100,56
2016-11-27,Horses,100,345
2016-11-28,Horses,100,360
2016-11-29,Rabbits,60,414
2016-11-30,Pig,150,170
2016-12-01,Horses,100,60
2016-12-02,Rabbits,60,118
2016-12-03,Horses,100,18
2016-12-04,Chicken,120,383
2016-12-05,Rabbits,60,99
2016-12-06,Chicken,120,174
2016-12-07,Horses,100,88
2016-12-08,Pig,150,190
2016-12-09,Chicken,120,349
2016-12-10,Cow,200,34
2016-12-11,Rabbits,60,418
2016-12-12,Horses,100,113
2016-12-13,Chicken,120,498
2016-12-14,Cow,200,323
2016-12-15,Cow,200,143
2016-12-16,Chicken,120,96
2016-12-17,Chicken,120,2
2016-12-18,Cow,200,326
2016-12-19,Horses,100,488
2016-12-20,Rabbits,60,365
2016-12-21,Pig,150,188
2016-12-22,Chicken,120,458
2016-12-23,Cow,200,431
2016-12-24,Cow,200,210
2016-12-25,Pig,150,229
2016-12-26,Cow,200,436
2016-12-27,Cow,200,163
2016-12-28,Chicken,120,487
2016-12-29,Cow,200,409
2016-12-30,Horses,100,212
2016-12-31,Cow,200,320
2017-01-01,Horses,100,113
2017-01-02,Rabbits,60,304
2017-01-03,Chicken,120,188
2017-01-04,Horses,100,300
2017-01-05,Rabbits,60,178
2017-01-06,Horses,100,189
2017-01-07,Cow,200,488
2017-01-08,Rabbits,60,28
2017-01-09,Rabbits,60,320
2017-01-10,Pig,150,361
2017-01-11,Rabbits,60,11
2017-01-12,Horses,100,125
2017-01-13,Rabbits,60,370
2017-01-14,Pig,150,163
2017-01-15,Rabbits,60,160
2017-01-16,Pig,150,295
2017-01-17,Horses,100,68
2017-01-18,Rabbits,60,482
2017-01-19,Horses,100,88
2017-01-20,Horses,100,428
2017-01-21,Rabbits,60,102
2017-01-22,Rabbits,60,422
2017-01-23,Horses,100,340
2017-01-24,Pig,150,53
2017-01-25,Pig,150,61
2017-01-26,Cow,200,188
2017-01-27,Chicken,120,95
2017-01-28,Rabbits,60,226
2017-01-29,Pig,150,291
2017-01-30,Horses,100,421
2017-01-31,Horses,100,208
2017-02-01,Rabbits,60,261
2017-02-02,Cow,200,215
2017-02-03,Pig,150,166
2017-02-04,Chicken,120,428
2017-02-05,Horses,100,269
2017-02-06,Horses,100,60
2017-02-07,Cow,200,250
2017-02-08,Horses,100,442
2017-02-09,Rabbits,60,320
2017-02-10,Chicken,120,171
2017-02-11,Chicken,120,186
2017-02-12,Horses,100,303
2017-02-13,Cow,200,408
2017-02-14,Horses,100,368
2017-02-15,Pig,150,177
2017-02-16,Horses,100,482
2017-02-17,Chicken,120,325
2017-02-18,Horses,100,305
2017-02-19,Cow,200,334
2017-02-20,Rabbits,60,297
2017-02-21,Cow,200,64
2017-02-22,Chicken,120,128
2017-02-23,Pig,150,310
2017-02-24,Chicken,120,457
2017-02-25,Rabbits,60,3
2017-02-26,Cow,200,56
2017-02-27,Chicken,120,266
2017-02-28,Chicken,120,84
2017-03-01,Chicken,120,258
2017-03-02,Rabbits,60,452
2017-03-03,Horses,100,434
2017-03-04,Pig,150,383
2017-03-05,Rabbits,60,85
2017-03-06,Horses,100,439
2017-03-07,Chicken,120,234
2017-03-08,Horses,100,328
2017-03-09,Cow,200,198
2017-03-10,Pig,150,268
2017-03-11,Rabbits,60,147
2017-03-12,Horses,100,234
2017-03-13,Horses,100,57
2017-03-14,Horses,100,357
2017-03-15,Cow,200,36
2017-03-16,Pig,150,494
2017-03-17,Pig,150,422
2017-03-18,Horses,100,174
2017-03-19,Chicken,120,76
2017-03-20,Rabbits,60,207
2017-03-21,Rabbits,60,158
2017-03-22,Chicken,120,380
2017-03-23,Horses,100,155
2017-03-24,Rabbits,60,104
2017-03-25,Rabbits,60,389
2017-03-26,Pig,150,53
2017-03-27,Cow,200,76
2017-03-28,Cow,200,300
2017-03-29,Chicken,120,101
2017-03-30,Chicken,120,55
2017-03-31,Rabbits,60,94
2017-04-01,Chicken,120,148
2017-04-02,Horses,100,53
2017-04-03,Chicken,120,143
2017-04-04,Cow,200,89
2017-04-05,Cow,200,416
2017-04-06,Horses,100,160
2017-04-07,Cow,200,491
2017-04-08,Rabbits,60,107
2017-04-09,Horses,100,437
2017-04-10,Pig,150,480
2017-04-11,Rabbits,60,203
2017-04-12,Cow,200,373
2017-04-13,Rabbits,60,416
2017-04-14,Rabbits,60,467
2017-04-15,Horses,100,240
2017-04-16,Cow,200,50
2017-04-17,Cow,200,198
2017-04-18,Pig,150,430
2017-04-19,Horses,100,46
2017-04-20,Rabbits,60,14
2017-04-21,Cow,200,336
2017-04-22,Horses,100,144
2017-04-23,Pig,150,350
2017-04-24,Horses,100,238
2017-04-25,Horses,100,363
2017-04-26,Pig,150,211
2017-04-27,Cow,200,72
2017-04-28,Chicken,120,125
2017-04-29,Pig,150,50
2017-04-30,Chicken,120,173
2017-05-01,Horses,100,187
2017-05-02,Cow,200,263
2017-05-03,Pig,150,215
2017-05-04,Rabbits,60,356
2017-05-05,Rabbits,60,259
2017-05-06,Cow,200,298
2017-05-07,Chicken,120,29
2017-05-08,Cow,200,374
2017-05-09,Chicken,120,361
2017-05-10,Pig,150,322
2017-05-11,Cow,200,104
2017-05-12,Rabbits,60,161
2017-05-13,Cow,200,459
2017-05-14,Pig,150,408
2017-05-15,Pig,150,182
2017-05-16,Pig,150,114
2017-05-17,Rabbits,60,314
2017-05-18,Pig,150,333
2017-05-19,Horses,100,53
2017-05-20,Pig,150,333
2017-05-21,Horses,100,175
2017-05-22,Cow,200,281
2017-05-23,Chicken,120,232
2017-05-24,Pig,150,440
2017-05-25,Chicken,120,94
2017-05-26,Pig,150,212
2017-05-27,Chicken,120,55
2017-05-28,Pig,150,197
2017-05-29,Rabbits,60,75
2017-05-30,Chicken,120,343
2017-05-31,Chicken,120,368
2017-06-01,Horses,100,212
2017-06-02,Pig,150,35
2017-06-03,Pig,150,406
2017-06-04,Cow,200,475
2017-06-05,Rabbits,60,25
2017-06-06,Horses,100,27
2017-06-07,Chicken,120,33
2017-06-08,Horses,100,361
2017-06-09,Cow,200,424
2017-06-10,Cow,200,282
2017-06-11,Horses,100,282
2017-06-12,Cow,200,75
2017-06-13,Rabbits,60,27
2017-06-14,Rabbits,60,424
2017-06-15,Pig,150,139
2017-06-16,Rabbits,60,463
2017-06-17,Rabbits,60,250
2017-06-18,Cow,200,346
2017-06-19,Horses,100,116
2017-06-20,Rabbits,60,46
2017-06-21,Horses,100,95
2017-06-22,Rabbits,60,426
2017-06-23,Rabbits,60,293
2017-06-24,Chicken,120,447
2017-06-25,Pig,150,145
2017-06-26,Chicken,120,179
2017-06-27,Horses,100,5
2017-06-28,Horses,100,133
2017-06-29,Rabbits,60,79
2017-06-30,Chicken,120,278
2017-07-01,Chicken,120,284
2017-07-02,Cow,200,228
2017-07-03,Chicken,120,73
2017-07-04,Chicken,120,226
2017-07-05,Horses,100,405
2017-07-06,Cow,200,35
2017-07-07,Chicken,120,11
2017-07-08,Chicken,120,201
2017-07-09,Chicken,120,425
2017-07-10,Pig,150,226
2017-07-11,Pig,150,39
2017-07-12,Chicken,120,218
2017-07-13,Horses,100,12
2017-07-14,Rabbits,60,497
2017-07-15,Chicken,120,55
2017-07-16,Pig,150,248
2017-07-17,Pig,150,307
2017-07-18,Rabbits,60,475
2017-07-19,Pig,150,440
2017-07-20,Chicken,120,263
2017-07-21,Pig,150,300
2017-07-22,Cow,200,238
2017-07-23,Chicken,120,320
2017-07-24,Horses,100,288
2017-07-25,Horses,100,119
2017-07-26,Horses,100,127
2017-07-27,Horses,100,188
2017-07-28,Horses,100,261
2017-07-29,Chicken,120,239
2017-07-30,Cow,200,104
2017-07-31,Horses,100,206
2017-08-01,Cow,200,180
2017-08-02,Rabbits,60,220
2017-08-03,Rabbits,60,330
2017-08-04,Cow,200,189
2017-08-05,Horses,100,141
2017-08-06,Chicken,120,133
2017-08-07,Horses,100,439
2017-08-08,Horses,100,309
2017-08-09,Pig,150,325
2017-08-10,Chicken,120,447
2017-08-11,Cow,200,488
2017-08-12,Cow,200,109
2017-08-13,Horses,100,256
2017-08-14,Horses,100,328
2017-08-15,Cow,200,12
2017-08-16,Rabbits,60,405
2017-08-17,Rabbits,60,141
2017-08-18,Rabbits,60,292
2017-08-19,Horses,100,407
2017-08-20,Pig,150,282
2017-08-21,Pig,150,212
2017-08-22,Pig,150,138
2017-08-23,Pig,150,317
2017-08-24,Cow,200,112
2017-08-25,Horses,100,436
2017-08-26,Pig,150,315
2017-08-27,Chicken,120,142
2017-08-28,Chicken,120,300
2017-08-29,Chicken,120,356
2017-08-30,Rabbits,60,202
2017-08-31,Cow,200,465
2017-09-01,Horses,100,357
2017-09-02,Chicken,120,212
2017-09-03,Chicken,120,76
2017-09-04,Cow,200,297
2017-09-05,Pig,150,271
2017-09-06,Horses,100,151
2017-09-07,Chicken,120,411
2017-09-08,Cow,200,150
2017-09-09,Rabbits,60,428
2017-09-10,Pig,150,397
2017-09-11,Chicken,120,44
2017-09-12,Pig,150,194
2017-09-13,Pig,150,480
2017-09-14,Horses,100,18
2017-09-15,Cow,200,280
2017-09-16,Pig,150,86
2017-09-17,Cow,200,283
2017-09-18,Chicken,120,224
2017-09-19,Pig,150,397
2017-09-20,Horses,100,258
2017-09-21,Horses,100,172
2017-09-22,Rabbits,60,229
2017-09-23,Chicken,120,244
2017-09-24,Chicken,120,217
2017-09-25,Horses,100,70
2017-09-26,Chicken,120,142
2017-09-27,Pig,150,195
2017-09-28,Horses,100,90
2017-09-29,Rabbits,60,296
2017-09-30,Rabbits,60,47
2017-10-01,Chicken,120,255
2017-10-02,Horses,100,14
2017-10-03,Pig,150,102
2017-10-04,Chicken,120,454
2017-10-05,Rabbits,60,381
2017-10-06,Cow,200,316
2017-10-07,Horses,100,346
2017-10-08,Cow,200,120
2017-10-09,Cow,200,90
2017-10-10,Cow,200,323
2017-10-11,Rabbits,60,88
2017-10-12,Rabbits,60,86
2017-10-13,Horses,100,258
2017-10-14,Cow,200,95
2017-10-15,Pig,150,350
2017-10-16,Rabbits,60,58
2017-10-17,Pig,150,16
2017-10-18,Cow,200,477
2017-10-19,Pig,150,65
2017-10-20,Cow,200,491
2017-10-21,Cow,200,497
2017-10-22,Rabbits,60,329
2017-10-23,Chicken,120,376
2017-10-24,Horses,100,471
2017-10-25,Chicken,120,466
2017-10-26,Rabbits,60,233
2017-10-27,Chicken,120,467
2017-10-28,Pig,150,141
2017-10-29,Cow,200,292
2017-10-30,Horses,100,210
2017-10-31,Rabbits,60,320
2017-11-01,Pig,150,52
2017-11-02,Chicken,120,284
2017-11-03,Cow,200,298
2017-11-04,Rabbits,60,80
2017-11-05,Rabbits,60,491
2017-11-06,Rabbits,60,56
2017-11-07,Chicken,120,424
2017-11-08,Cow,200,315
2017-11-09,Rabbits,60,175
2017-11-10,Cow,200,155
2017-11-11,Cow,200,123
2017-11-12,Rabbits,60,183
2017-11-13,Cow,200,76
2017-11-14,Cow,200,7
2017-11-15,Chicken,120,351
2017-11-16,Rabbits,60,205
2017-11-17,Cow,200,57
2017-11-18,Rabbits,60,465
2017-11-19,Rabbits,60,71
2017-11-20,Chicken,120,272
2017-11-21,Horses,100,126
2017-11-22,Chicken,120,221
2017-11-23,Pig,150,479
2017-11-24,Horses,100,212
2017-11-25,Chicken,120,44
2017-11-26,Cow,200,83
2017-11-27,Chicken,120,437
2017-11-28,Cow,200,165
2017-11-29,Pig,150,103
2017-11-30,Cow,200,424
2017-12-01,Pig,150,432
2017-12-02,Cow,200,79
2017-12-03,Horses,100,443
2017-12-04,Chicken,120,259
2017-12-05,Horses,100,350
2017-12-06,Pig,150,456
2017-12-07,Chicken,120,478
2017-12-08,Chicken,120,441
2017-12-09,Rabbits,60,246
2017-12-10,Horses,100,12
2017-12-11,Pig,150,437
2017-12-12,Cow,200,144
2017-12-13,Cow,200,153
2017-12-14,Horses,100,453
2017-12-15,Horses,100,366
2017-12-16,Chicken,120,100
2017-12-17,Horses,100,156
2017-12-18,Cow,200,76
2017-12-19,Rabbits,60,472
2017-12-20,Chicken,120,468
2017-12-21,Chicken,120,181
2017-12-22,Horses,100,322
2017-12-23,Pig,150,144
2017-12-24,Cow,200,200
2017-12-25,Rabbits,60,15
2017-12-26,Pig,150,201
2017-12-27,Rabbits,60,189
2017-12-28,Rabbits,60,467
2017-12-29,Chicken,120,491
2017-12-30,Cow,200,407
2017-12-31,Pig,150,387
2018-01-01,Pig,150,282
2018-01-02,Rabbits,60,210
2018-01-03,Horses,100,129
2018-01-04,Horses,100,101
2018-01-05,Pig,150,254
2018-01-06,Chicken,120,436
2018-01-07,Chicken,120,83
2018-01-08,Rabbits,60,334
2018-01-09,Cow,200,225
2018-01-10,Pig,150,286
2018-01-11,Pig,150,176
2018-01-12,Pig,150,252
2018-01-13,Rabbits,60,471
2018-01-14,Pig,150,28
2018-01-15,Horses,100,5
2018-01-16,Pig,150,200
2018-01-17,Chicken,120,325
2018-01-18,Pig,150,128
2018-01-19,Chicken,120,250
2018-01-20,Horses,100,236
2018-01-21,Rabbits,60,79
2018-01-22,Chicken,120,330
2018-01-23,Cow,200,200
2018-01-24,Pig,150,231
2018-01-25,Pig,150,127
2018-01-26,Cow,200,110
2018-01-27,Chicken,120,216
2018-01-28,Cow,200,467
2018-01-29,Horses,100,124
2018-01-30,Horses,100,40
2018-01-31,Pig,150,457
2018-02-01,Rabbits,60,298
2018-02-02,Cow,200,185
2018-02-03,Horses,100,407
2018-02-04,Cow,200,115
2018-02-05,Rabbits,60,100
2018-02-06,Rabbits,60,481
2018-02-07,Horses,100,86
2018-02-08,Cow,200,497
2018-02-09,Pig,150,334
2018-02-10,Chicken,120,369
2018-02-11,Cow,200,23
2018-02-12,Chicken,120,11
2018-02-13,Chicken,120,79
2018-02-14,Rabbits,60,303
2018-02-15,Chicken,120,265
2018-02-16,Cow,200,118
2018-02-17,Horses,100,363
2018-02-18,Chicken,120,189
2018-02-19,Pig,150,390
2018-02-20,Rabbits,60,277
2018-02-21,Cow,200,451
2018-02-22,Rabbits,60,143
2018-02-23,Pig,150,151
2018-02-24,Cow,200,348
2018-02-25,Cow,200,373
2018-02-26,Chicken,120,308
2018-02-27,Pig,150,315
2018-02-28,Horses,100,229
2018-03-01,Horses,100,371
2018-03-02,Chicken,120,139
2018-03-03,Horses,100,467
2018-03-04,Chicken,120,173
2018-03-05,Chicken,120,424
2018-03-06,Chicken,120,297
2018-03-07,Rabbits,60,305
2018-03-08,Rabbits,60,322
2018-03-09,Chicken,120,53
2018-03-10,Cow,200,486
2018-03-11,Horses,100,332
2018-03-12,Rabbits,60,403
2018-03-13,Horses,100,270
2018-03-14,Pig,150,191
2018-03-15,Horses,100,392
2018-03-16,Horses,100,432
2018-03-17,Cow,200,124
2018-03-18,Horses,100,278
2018-03-19,Rabbits,60,137
2018-03-20,Rabbits,60,393
2018-03-21,Rabbits,60,287
2018-03-22,Cow,200,244
2018-03-23,Pig,150,330
2018-03-24,Horses,100,451
2018-03-25,Rabbits,60,94
2018-03-26,Pig,150,304
2018-03-27,Cow,200,249
2018-03-28,Horses,100,92
2018-03-29,Chicken,120,468
2018-03-30,Cow,200,3
2018-03-31,Chicken,120,73
2018-04-01,Horses,100,110
2018-04-02,Cow,200,222
2018-04-03,Pig,150,240
2018-04-04,Rabbits,60,376
2018-04-05,Pig,150,114
2018-04-06,Horses,100,424
2018-04-07,Pig,150,368
2018-04-08,Horses,100,207
2018-04-09,Pig,150,109
2018-04-10,Rabbits,60,459
2018-04-11,Horses,100,94
2018-04-12,Rabbits,60,90
2018-04-13,Horses,100,176
2018-04-14,Horses,100,148
2018-04-15,Cow,200,149
2018-04-16,Cow,200,376
2018-04-17,Rabbits,60,124
2018-04-18,Chicken,120,206
2018-04-19,Rabbits,60,265
2018-04-20,Horses,100,138
2018-04-21,Horses,100,296
2018-04-22,Pig,150,352
2018-04-23,Pig,150,75
2018-04-24,Pig,150,26
2018-04-25,Chicken,120,194
2018-04-26,Cow,200,236
2018-04-27,Rabbits,60,471
2018-04-28,Chicken,120,76
2018-04-29,Horses,100,443
2018-04-30,Pig,150,31
2018-05-01,Cow,200,380
2018-05-02,Horses,100,485
2018-05-03,Pig,150,496
2018-05-04,Pig,150,280
2018-05-05,Cow,200,392
2018-05-06,Pig,150,52
2018-05-07,Cow,200,409
2018-05-08,Chicken,120,240
2018-05-09,Rabbits,60,325
2018-05-10,Cow,200,171
2018-05-11,Chicken,120,461
2018-05-12,Chicken,120,392
2018-05-13,Chicken,120,40
2018-05-14,Horses,100,190
2018-05-15,Horses,100,326
2018-05-16,Chicken,120,104
2018-05-17,Chicken,120,124
2018-05-18,Cow,200,456
2018-05-19,Chicken,120,2
2018-05-20,Cow,200,80
2018-05-21,Cow,200,33
2018-05-22,Cow,200,130
2018-05-23,Rabbits,60,287
2018-05-24,Chicken,120,383
2018-05-25,Rabbits,60,412
2018-05-26,Cow,200,367
2018-05-27,Pig,150,336
2018-05-28,Rabbits,60,100
2018-05-29,Rabbits,60,405
2018-05-30,Horses,100,294
2018-05-31,Horses,100,472
2018-06-01,Cow,200,407
2018-06-02,Pig,150,456
2018-06-03,Rabbits,60,417
2018-06-04,Pig,150,122
2018-06-05,Cow,200,30
2018-06-06,Cow,200,223
2018-06-07,Pig,150,410
2018-06-08,Cow,200,57
2018-06-09,Rabbits,60,416
2018-06-10,Rabbits,60,454
2018-06-11,Horses,100,65
2018-06-12,Horses,100,396
2018-06-13,Rabbits,60,289
2018-06-14,Rabbits,60,337
2018-06-15,Chicken,120,360
2018-06-16,Cow,200,281
2018-06-17,Horses,100,30
2018-06-18,Pig,150,492
2018-06-19,Cow,200,161
2018-06-20,Rabbits,60,472
2018-06-21,Pig,150,385
2018-06-22,Horses,100,71
2018-06-23,Cow,200,318
2018-06-24,Horses,100,3
2018-06-25,Horses,100,349
2018-06-26,Horses,100,416
2018-06-27,Chicken,120,59
2018-06-28,Pig,150,269
2018-06-29,Cow,200,322
2018-06-30,Chicken,120,290
2018-07-01,Rabbits,60,361
2018-07-02,Horses,100,307
2018-07-03,Horses,100,449
2018-07-04,Rabbits,60,301
2018-07-05,Horses,100,436
2018-07-06,Horses,100,117
2018-07-07,Pig,150,300
2018-07-08,Cow,200,298
2018-07-09,Chicken,120,262
2018-07-10,Cow,200,309
2018-07-11,Rabbits,60,463
2018-07-12,Cow,200,62
2018-07-13,Chicken,120,391
2018-07-14,Chicken,120,444
2018-07-15,Rabbits,60,425
2018-07-16,Pig,150,380
2018-07-17,Chicken,120,459
2018-07-18,Chicken,120,481
2018-07-19,Pig,150,31
2018-07-20,Chicken,120,49
2018-07-21,Pig,150,30
2018-07-22,Cow,200,282
2018-07-23,Cow,200,314
2018-07-24,Pig,150,205
2018-07-25,Chicken,120,18
2018-07-26,Rabbits,60,400
2018-07-27,Rabbits,60,476
2018-07-28,Cow,200,145
2018-07-29,Pig,150,40
2018-07-30,Cow,200,414
2018-07-31,Rabbits,60,154
2018-08-01,Cow,200,201
2018-08-02,Horses,100,418
2018-08-03,Horses,100,460
2018-08-04,Chicken,120,330
2018-08-05,Cow,200,46
2018-08-06,Chicken,120,218
2018-08-07,Pig,150,101
2018-08-08,Rabbits,60,33
2018-08-09,Rabbits,60,82
2018-08-10,Pig,150,442
2018-08-11,Chicken,120,176
2018-08-12,Pig,150,388
2018-08-13,Cow,200,300
2018-08-14,Horses,100,117
2018-08-15,Pig,150,485
2018-08-16,Chicken,120,401
2018-08-17,Chicken,120,485
2018-08-18,Pig,150,426
2018-08-19,Chicken,120,498
2018-08-20,Rabbits,60,3
2018-08-21,Pig,150,106
2018-08-22,Chicken,120,455
2018-08-23,Chicken,120,262
2018-08-24,Rabbits,60,12
2018-08-25,Chicken,120,276
2018-08-26,Horses,100,238
2018-08-27,Chicken,120,307
2018-08-28,Cow,200,389
2018-08-29,Pig,150,61
2018-08-30,Pig,150,11
2018-08-31,Chicken,120,410
2018-09-01,Cow,200,9
2018-09-02,Cow,200,92
2018-09-03,Horses,100,482
2018-09-04,Cow,200,463
2018-09-05,Rabbits,60,63
2018-09-06,Chicken,120,88
2018-09-07,Rabbits,60,218
2018-09-08,Horses,100,473
2018-09-09,Cow,200,97
2018-09-10,Pig,150,20
2018-09-11,Cow,200,385
2018-09-12,Cow,200,165
2018-09-13,Pig,150,19
2018-09-14,Pig,150,351
2018-09-15,Rabbits,60,385
2018-09-16,Horses,100,390
2018-09-17,Rabbits,60,99
2018-09-18,Horses,100,43
2018-09-19,Cow,200,272
2018-09-20,Chicken,120,192
2018-09-21,Rabbits,60,257
2018-09-22,Rabbits,60,67
2018-09-23,Chicken,120,405
2018-09-24,Chicken,120,115
2018-09-25,Rabbits,60,313
2018-09-26,Cow,200,285
2018-09-27,Cow,200,67
2018-09-28,Pig,150,92
2018-09-29,Chicken,120,349
2018-09-30,Chicken,120,346
2018-10-01,Pig,150,113
2018-10-02,Chicken,120,202
2018-10-03,Pig,150,125
2018-10-04,Pig,150,247
2018-10-05,Horses,100,113
2018-10-06,Pig,150,128
2018-10-07,Cow,200,83
2018-10-08,Pig,150,112
2018-10-09,Chicken,120,330
2018-10-10,Chicken,120,323
2018-10-11,Rabbits,60,56
2018-10-12,Chicken,120,247
2018-10-13,Chicken,120,27
2018-10-14,Rabbits,60,253
2018-10-15,Rabbits,60,490
2018-10-16,Rabbits,60,371
2018-10-17,Horses,100,266
2018-10-18,Rabbits,60,223
2018-10-19,Chicken,120,184
2018-10-20,Chicken,120,353
2018-10-21,Chicken,120,85
2018-10-22,Horses,100,244
2018-10-23,Rabbits,60,29
2018-10-24,Cow,200,85
2018-10-25,Rabbits,60,98
2018-10-26,Horses,100,468
2018-10-27,Chicken,120,262
2018-10-28,Horses,100,161
2018-10-29,Pig,150,466
2018-10-30,Chicken,120,90
2018-10-31,Horses,100,326
2018-11-01,Cow,200,53
2018-11-02,Rabbits,60,217
2018-11-03,Chicken,120,318
2018-11-04,Horses,100,208
2018-11-05,Chicken,120,248
2018-11-06,Horses,100,163
2018-11-07,Rabbits,60,264
2018-11-08,Chicken,120,467
2018-11-09,Cow,200,79
2018-11-10,Cow,200,365
2018-11-11,Cow,200,126
2018-11-12,Cow,200,375
2018-11-13,Pig,150,488
2018-11-14,Pig,150,318
2018-11-15,Rabbits,60,231
2018-11-16,Chicken,120,459
2018-11-17,Horses,100,472
2018-11-18,Rabbits,60,491
2018-11-19,Rabbits,60,351
2018-11-20,Chicken,120,393
2018-11-21,Chicken,120,136
2018-11-22,Rabbits,60,135
2018-11-23,Chicken,120,229
2018-11-24,Pig,150,384
2018-11-25,Horses,100,42
2018-11-26,Pig,150,14
2018-11-27,Rabbits,60,468
2018-11-28,Rabbits,60,427
2018-11-29,Cow,200,200
2018-11-30,Pig,150,352
2018-12-01,Chicken,120,326
2018-12-02,Pig,150,497
2018-12-03,Chicken,120,369
2018-12-04,Horses,100,204
2018-12-05,Chicken,120,372
2018-12-06,Chicken,120,304
2018-12-07,Rabbits,60,467
2018-12-08,Cow,200,149
2018-12-09,Chicken,120,184
2018-12-10,Chicken,120,67
2018-12-11,Horses,100,385
2018-12-12,Chicken,120,217
2018-12-13,Cow,200,125
2018-12-14,Rabbits,60,377
2018-12-15,Chicken,120,402
2018-12-16,Chicken,120,364
2018-12-17,Horses,100,53
2018-12-18,Horses,100,105
2018-12-19,Cow,200,296
2018-12-20,Chicken,120,23
2018-12-21,Horses,100,220
2018-12-22,Pig,150,207
2018-12-23,Pig,150,24
2018-12-24,Chicken,120,159
2018-12-25,Pig,150,285
2018-12-26,Pig,150,376
2018-12-27,Cow,200,105
2018-12-28,Horses,100,228
2018-12-29,Horses,100,193
2018-12-30,Chicken,120,161
2018-12-31,Horses,100,407
2019-01-01,Rabbits,60,442
2019-01-02,Chicken,120,42
2019-01-03,Cow,200,234
2019-01-04,Pig,150,75
2019-01-05,Chicken,120,434
2019-01-06,Chicken,120,387
2019-01-07,Cow,200,253
2019-01-08,Pig,150,402
2019-01-09,Chicken,120,209
2019-01-10,Pig,150,100
2019-01-11,Horses,100,139
2019-01-12,Chicken,120,83
2019-01-13,Chicken,120,391
2019-01-14,Cow,200,253
2019-01-15,Horses,100,456
2019-01-16,Horses,100,35
2019-01-17,Pig,150,417
2019-01-18,Chicken,120,74
2019-01-19,Chicken,120,174
2019-01-20,Rabbits,60,354
2019-01-21,Chicken,120,396
2019-01-22,Chicken,120,220
2019-01-23,Cow,200,69
2019-01-24,Chicken,120,428
2019-01-25,Pig,150,388
2019-01-26,Cow,200,37
2019-01-27,Pig,150,129
2019-01-28,Rabbits,60,120
2019-01-29,Pig,150,290
2019-01-30,Chicken,120,402
2019-01-31,Rabbits,60,92
2019-02-01,Pig,150,76
2019-02-02,Cow,200,68
2019-02-03,Horses,100,360
2019-02-04,Chicken,120,41
2019-02-05,Cow,200,184
2019-02-06,Chicken,120,346
2019-02-07,Cow,200,472
2019-02-08,Rabbits,60,458
2019-02-09,Horses,100,71
2019-02-10,Horses,100,484
2019-02-11,Chicken,120,56
2019-02-12,Pig,150,292
2019-02-13,Horses,100,120
2019-02-14,Horses,100,167
2019-02-15,Pig,150,499
2019-02-16,Horses,100,97
2019-02-17,Chicken,120,400
2019-02-18,Cow,200,350
2019-02-19,Horses,100,276
2019-02-20,Rabbits,60,60
2019-02-21,Rabbits,60,216
2019-02-22,Chicken,120,193
2019-02-23,Chicken,120,230
2019-02-24,Pig,150,221
2019-02-25,Rabbits,60,463
2019-02-26,Pig,150,190
2019-02-27,Cow,200,308
2019-02-28,Cow,200,274
2019-03-01,Rabbits,60,427
2019-03-02,Rabbits,60,210
2019-03-03,Rabbits,60,104
2019-03-04,Horses,100,329
2019-03-05,Horses,100,367
2019-03-06,Cow,200,374
2019-03-07,Chicken,120,410
2019-03-08,Chicken,120,349
2019-03-09,Horses,100,397
2019-03-10,Rabbits,60,105
2019-03-11,Cow,200,447
2019-03-12,Horses,100,292
2019-03-13,Horses,100,491
2019-03-14,Rabbits,60,433
2019-03-15,Horses,100,312
2019-03-16,Horses,100,41
2019-03-17,Pig,150,406
2019-03-18,Chicken,120,334
2019-03-19,Rabbits,60,181
2019-03-20,Cow,200,13
2019-03-21,Chicken,120,302
2019-03-22,Chicken,120,348
2019-03-23,Pig,150,324
2019-03-24,Horses,100,423
2019-03-25,Cow,200,87
2019-03-26,Rabbits,60,205
2019-03-27,Pig,150,488
2019-03-28,Chicken,120,283
2019-03-29,Pig,150,448
2019-03-30,Chicken,120,48
2019-03-31,Pig,150,278
2019-04-01,Chicken,120,385
2019-04-02,Pig,150,485
2019-04-03,Horses,100,64
2019-04-04,Pig,150,144
2019-04-05,Chicken,120,361
2019-04-06,Pig,150,355
2019-04-07,Pig,150,116
2019-04-08,Horses,100,117
2019-04-09,Pig,150,81
2019-04-10,Rabbits,60,441
2019-04-11,Chicken,120,450
2019-04-12,Rabbits,60,348
2019-04-13,Cow,200,285
2019-04-14,Cow,200,59
2019-04-15,Rabbits,60,302
2019-04-16,Rabbits,60,424
2019-04-17,Cow,200,217
2019-04-18,Horses,100,52
2019-04-19,Chicken,120,364
2019-04-20,Rabbits,60,133
2019-04-21,Pig,150,218
2019-04-22,Cow,200,258
2019-04-23,Chicken,120,98
2019-04-24,Rabbits,60,368
2019-04-25,Rabbits,60,278
2019-04-26,Horses,100,167
2019-04-27,Cow,200,310
2019-04-28,Chicken,120,17
2019-04-29,Horses,100,265
2019-04-30,Rabbits,60,473
2019-05-01,Pig,150,388
2019-05-02,Rabbits,60,25
2019-05-03,Pig,150,14
2019-05-04,Cow,200,345
2019-05-05,Horses,100,296
2019-05-06,Pig,150,334
2019-05-07,Horses,100,286
2019-05-08,Rabbits,60,283
2019-05-09,Pig,150,197
2019-05-10,Horses,100,103
2019-05-11,Horses,100,322
2019-05-12,Cow,200,484
2019-05-13,Cow,200,288
2019-05-14,Horses,100,432
2019-05-15,Cow,200,50
2019-05-16,Horses,100,22
2019-05-17,Cow,200,142
2019-05-18,Pig,150,390
2019-05-19,Rabbits,60,328
2019-05-20,Cow,200,330
2019-05-21,Rabbits,60,429
2019-05-22,Rabbits,60,72
2019-05-23,Pig,150,3
2019-05-24,Rabbits,60,97
2019-05-25,Cow,200,262
2019-05-26,Horses,100,475
2019-05-27,Chicken,120,113
2019-05-28,Pig,150,389
2019-05-29,Horses,100,51
2019-05-30,Rabbits,60,351
2019-05-31,Rabbits,60,257
2019-06-01,Rabbits,60,290
2019-06-02,Chicken,120,311
2019-06-03,Horses,100,485
2019-06-04,Horses,100,334
2019-06-05,Cow,200,470
2019-06-06,Cow,200,123
2019-06-07,Horses,100,229
2019-06-08,Rabbits,60,204
2019-06-09,Pig,150,478
2019-06-10,Horses,100,353
2019-06-11,Chicken,120,311
2019-06-12,Rabbits,60,408
2019-06-13,Cow,200,326
2019-06-14,Rabbits,60,446
2019-06-15,Cow,200,102
2019-06-16,Cow,200,194
2019-06-17,Cow,200,272
2019-06-18,Rabbits,60,442
2019-06-19,Chicken,120,283
2019-06-20,Rabbits,60,46
2019-06-21,Cow,200,343
2019-06-22,Rabbits,60,405
2019-06-23,Pig,150,76
2019-06-24,Cow,200,93
2019-06-25,Cow,200,282
2019-06-26,Cow,200,220
2019-06-27,Horses,100,255
2019-06-28,Horses,100,434
2019-06-29,Cow,200,296
2019-06-30,Horses,100,256
2019-07-01,Cow,200,32
2019-07-02,Cow,200,320
2019-07-03,Pig,150,25
2019-07-04,Horses,100,283
2019-07-05,Rabbits,60,274
2019-07-06,Cow,200,444
2019-07-07,Rabbits,60,302
2019-07-08,Pig,150,165
2019-07-09,Cow,200,275
2019-07-10,Chicken,120,62
2019-07-11,Horses,100,230
2019-07-12,Chicken,120,447
2019-07-13,Horses,100,89
2019-07-14,Rabbits,60,341
2019-07-15,Chicken,120,219
2019-07-16,Rabbits,60,82
2019-07-17,Pig,150,89
2019-07-18,Cow,200,249
2019-07-19,Pig,150,432
2019-07-20,Cow,200,447
2019-07-21,Rabbits,60,396
2019-07-22,Pig,150,165
2019-07-23,Pig,150,329
2019-07-24,Cow,200,376
2019-07-25,Pig,150,217
2019-07-26,Pig,150,49
2019-07-27,Horses,100,468
2019-07-28,Cow,200,414
2019-07-29,Chicken,120,319
2019-07-30,Horses,100,103
2019-07-31,Rabbits,60,94
2019-08-01,Horses,100,290
2019-08-02,Chicken,120,490
2019-08-03,Rabbits,60,44
2019-08-04,Horses,100,433
2019-08-05,Chicken,120,287
2019-08-06,Rabbits,60,320
2019-08-07,Rabbits,60,53
2019-08-08,Chicken,120,269
2019-08-09,Chicken,120,305
2019-08-10,Horses,100,151
2019-08-11,Cow,200,143
2019-08-12,Chicken,120,496
2019-08-13,Cow,200,419
2019-08-14,Cow,200,402
2019-08-15,Chicken,120,18
2019-08-16,Cow,200,366
2019-08-17,Horses,100,479
2019-08-18,Pig,150,409
2019-08-19,Chicken,120,334
2019-08-20,Chicken,120,417
2019-08-21,Chicken,120,136
2019-08-22,Cow,200,451
2019-08-23,Chicken,120,344
2019-08-24,Pig,150,327
2019-08-25,Cow,200,357
2019-08-26,Horses,100,205
2019-08-27,Horses,100,190
2019-08-28,Horses,100,218
2019-08-29,Horses,100,237
2019-08-30,Pig,150,178
2019-08-31,Pig,150,187
2019-09-01,Pig,150,363
2019-09-02,Cow,200,238
2019-09-03,Cow,200,149
2019-09-04,Cow,200,267
2019-09-05,Horses,100,361
2019-09-06,Pig,150,7
2019-09-07,Cow,200,449
2019-09-08,Rabbits,60,397
2019-09-09,Rabbits,60,287
2019-09-10,Rabbits,60,230
2019-09-11,Chicken,120,496
2019-09-12,Rabbits,60,158
2019-09-13,Pig,150,498
2019-09-14,Pig,150,377
2019-09-15,Chicken,120,278
2019-09-16,Rabbits,60,400
2019-09-17,Chicken,120,263
2019-09-18,Cow,200,109
2019-09-19,Pig,150,169
2019-09-20,Horses,100,184
2019-09-21,Chicken,120,11
2019-09-22,Horses,100,220
2019-09-23,Chicken,120,201
2019-09-24,Rabbits,60,347
2019-09-25,Horses,100,352
2019-09-26,Cow,200,447
2019-09-27,Pig,150,45
2019-09-28,Rabbits,60,404
2019-09-29,Horses,100,365
2019-09-30,Horses,100,318
2019-10-01,Cow,200,191
2019-10-02,Rabbits,60,475
2019-10-03,Cow,200,172
2019-10-04,Pig,150,438
2019-10-05,Rabbits,60,475
2019-10-06,Rabbits,60,452
2019-10-07,Pig,150,178
2019-10-08,Rabbits,60,253
2019-10-09,Chicken,120,162
2019-10-10,Rabbits,60,193
2019-10-11,Rabbits,60,10
2019-10-12,Chicken,120,256
2019-10-13,Pig,150,436
2019-10-14,Pig,150,272
2019-10-15,Pig,150,248
2019-10-16,Cow,200,164
2019-10-17,Cow,200,127
2019-10-18,Chicken,120,285
2019-10-19,Rabbits,60,105
2019-10-20,Horses,100,189
2019-10-21,Chicken,120,369
2019-10-22,Cow,200,200
2019-10-23,Rabbits,60,275
2019-10-24,Pig,150,134
2019-10-25,Pig,150,387
2019-10-26,Cow,200,13
2019-10-27,Rabbits,60,228
2019-10-28,Rabbits,60,340
2019-10-29,Pig,150,417
2019-10-30,Horses,100,29
2019-10-31,Horses,100,69
2019-11-01,Cow,200,236
2019-11-02,Pig,150,401
2019-11-03,Rabbits,60,262
2019-11-04,Pig,150,62
2019-11-05,Chicken,120,344
2019-11-06,Pig,150,412
2019-11-07,Cow,200,261
2019-11-08,Horses,100,2
2019-11-09,Cow,200,135
2019-11-10,Cow,200,118
2019-11-11,Horses,100,482
2019-11-12,Pig,150,378
2019-11-13,Horses,100,459
2019-11-14,Horses,100,465
2019-11-15,Horses,100,176
2019-11-16,Chicken,120,5
2019-11-17,Cow,200,173
2019-11-18,Cow,200,362
2019-11-19,Horses,100,299
2019-11-20,Rabbits,60,49
2019-11-21,Cow,200,24
2019-11-22,Rabbits,60,289
2019-11-23,Cow,200,403
2019-11-24,Chicken,120,392
2019-11-25,Rabbits,60,170
2019-11-26,Pig,150,38
2019-11-27,Chicken,120,302
2019-11-28,Rabbits,60,311
2019-11-29,Horses,100,229
2019-11-30,Chicken,120,265
2019-12-01,Chicken,120,261
2019-12-02,Horses,100,450
2019-12-03,Cow,200,181
2019-12-04,Horses,100,97
2019-12-05,Chicken,120,131
2019-12-06,Rabbits,60,157
2019-12-07,Rabbits,60,363
2019-12-08,Rabbits,60,493
2019-12-09,Chicken,120,134
2019-12-10,Cow,200,10
2019-12-11,Horses,100,394
2019-12-12,Rabbits,60,464
2019-12-13,Chicken,120,384
2019-12-14,Rabbits,60,14
2019-12-15,Horses,100,206
2019-12-16,Pig,150,415
2019-12-17,Cow,200,264
2019-12-18,Horses,100,416
2019-12-19,Cow,200,252
2019-12-20,Rabbits,60,201
2019-12-21,Rabbits,60,251
2019-12-22,Pig,150,291
2019-12-23,Chicken,120,7
2019-12-24,Rabbits,60,6
2019-12-25,Cow,200,72
2019-12-26,Cow,200,105
2019-12-27,Rabbits,60,242
2019-12-28,Cow,200,344
2019-12-29,Chicken,120,245
2019-12-30,Chicken,120,460
2019-12-31,Pig,150,255
2020-01-01,Pig,150,283
2020-01-02,Cow,200,28
2020-01-03,Pig,150,428
2020-01-04,Horses,100,256
2020-01-05,Cow,200,322
2020-01-06,Pig,150,210
2020-01-07,Cow,200,102
2020-01-08,Chicken,120,175
2020-01-09,Cow,200,201
2020-01-10,Rabbits,60,253
2020-01-11,Pig,150,278
2020-01-12,Cow,200,350
2020-01-13,Pig,150,200
2020-01-14,Horses,100,120
2020-01-15,Pig,150,30
2020-01-16,Pig,150,257
2020-01-17,Chicken,120,420
2020-01-18,Horses,100,266
2020-01-19,Horses,100,185
2020-01-20,Cow,200,218
2020-01-21,Horses,100,115
2020-01-22,Horses,100,416
2020-01-23,Chicken,120,95
2020-01-24,Pig,150,332
2020-01-25,Cow,200,288
2020-01-26,Horses,100,416
2020-01-27,Pig,150,113
2020-01-28,Rabbits,60,51
2020-01-29,Horses,100,322
2020-01-30,Pig,150,285
2020-01-31,Rabbits,60,306
2020-02-01,Cow,200,103
2020-02-02,Horses,100,74
2020-02-03,Chicken,120,43
2020-02-04,Pig,150,470
2020-02-05,Rabbits,60,415
2020-02-06,Pig,150,430
2020-02-07,Chicken,120,366
2020-02-08,Pig,150,287
2020-02-09,Rabbits,60,315
2020-02-10,Horses,100,437
2020-02-11,Rabbits,60,94
2020-02-12,Pig,150,200
2020-02-13,Rabbits,60,14
2020-02-14,Horses,100,349
2020-02-15,Rabbits,60,352
2020-02-16,Horses,100,77
2020-02-17,Pig,150,373
2020-02-18,Horses,100,316
2020-02-19,Pig,150,66
2020-02-20,Chicken,120,339
2020-02-21,Chicken,120,132
2020-02-22,Chicken,120,43
2020-02-23,Pig,150,468
2020-02-24,Cow,200,91
2020-02-25,Cow,200,80
2020-02-26,Chicken,120,184
2020-02-27,Rabbits,60,406
2020-02-28,Pig,150,434
2020-02-29,Pig,150,392
2020-03-01,Chicken,120,457
2020-03-02,Cow,200,83
2020-03-03,Rabbits,60,315
2020-03-04,Pig,150,305
2020-03-05,Chicken,120,410
2020-03-06,Cow,200,24
2020-03-07,Horses,100,207
2020-03-08,Chicken,120,36
2020-03-09,Pig,150,99
2020-03-10,Rabbits,60,196
2020-03-11,Chicken,120,21
2020-03-12,Cow,200,400
2020-03-13,Pig,150,141
2020-03-14,Rabbits,60,108
2020-03-15,Rabbits,60,77
2020-03-16,Chicken,120,477
2020-03-17,Rabbits,60,162
2020-03-18,Horses,100,196
2020-03-19,Chicken,120,223
2020-03-20,Chicken,120,312
2020-03-21,Pig,150,298
2020-03-22,Cow,200,482
2020-03-23,Rabbits,60,107
2020-03-24,Chicken,120,297
2020-03-25,Chicken,120,105
2020-03-26,Horses,100,235
2020-03-27,Pig,150,80
2020-03-28,Pig,150,366
2020-03-29,Horses,100,130
2020-03-30,Rabbits,60,64
2020-03-31,Cow,200,66
2020-04-01,Cow,200,351
2020-04-02,Rabbits,60,4
2020-04-03,Chicken,120,93
2020-04-04,Horses,100,379
2020-04-05,Horses,100,362
2020-04-06,Cow,200,425
2020-04-07,Rabbits,60,27
2020-04-08,Horses,100,284
2020-04-09,Pig,150,210
2020-04-10,Rabbits,60,338
2020-04-11,Cow,200,489
2020-04-12,Horses,100,293
2020-04-13,Cow,200,62
2020-04-14,Chicken,120,491
2020-04-15,Cow,200,155
2020-04-16,Pig,150,135
2020-04-17,Cow,200,198
2020-04-18,Rabbits,60,388
2020-04-19,Chicken,120,323
2020-04-20,Cow,200,259
2020-04-21,Chicken,120,188
2020-04-22,Cow,200,171
2020-04-23,Chicken,120,498
2020-04-24,Pig,150,163
2020-04-25,Chicken,120,332
2020-04-26,Chicken,120,158
2020-04-27,Pig,150,105
2020-04-28,Rabbits,60,219
2020-04-29,Cow,200,125
2020-04-30,Rabbits,60,432
2020-05-01,Rabbits,60,315
2020-05-02,Rabbits,60,93
2020-05-03,Horses,100,415
2020-05-04,Cow,200,303
2020-05-05,Pig,150,481
2020-05-06,Pig,150,82
2020-05-07,Pig,150,174
2020-05-08,Pig,150,99
2020-05-09,Cow,200,172
2020-05-10,Cow,200,185
2020-05-11,Horses,100,2
2020-05-12,Cow,200,166
2020-05-13,Horses,100,26
2020-05-14,Cow,200,362
2020-05-15,Rabbits,60,360
2020-05-16,Horses,100,340
2020-05-17,Rabbits,60,116
2020-05-18,Pig,150,2
2020-05-19,Chicken,120,47
2020-05-20,Cow,200,417
2020-05-21,Cow,200,439
2020-05-22,Chicken,120,494
2020-05-23,Rabbits,60,242
2020-05-24,Pig,150,337
2020-05-25,Cow,200,22
2020-05-26,Cow,200,424
2020-05-27,Horses,100,441
2020-05-28,Rabbits,60,416
2020-05-29,Rabbits,60,45
2020-05-30,Horses,100,381
2020-05-31,Cow,200,163
2020-06-01,Pig,150,148
2020-06-02,Rabbits,60,227
2020-06-03,Horses,100,391
2020-06-04,Chicken,120,442
2020-06-05,Pig,150,456
2020-06-06,Horses,100,370
2020-06-07,Rabbits,60,76
2020-06-08,Rabbits,60,400
2020-06-09,Chicken,120,446
2020-06-10,Chicken,120,328
2020-06-11,Cow,200,11
2020-06-12,Horses,100,321
2020-06-13,Horses,100,292
2020-06-14,Horses,100,194
2020-06-15,Horses,100,460
2020-06-16,Horses,100,357
2020-06-17,Horses,100,123
2020-06-18,Cow,200,133
2020-06-19,Horses,100,321
2020-06-20,Pig,150,388
2020-06-21,Pig,150,326
2020-06-22,Pig,150,413
2020-06-23,Horses,100,46
2020-06-24,Pig,150,466
2020-06-25,Chicken,120,308
2020-06-26,Pig,150,398
2020-06-27,Pig,150,185
2020-06-28,Cow,200,395
2020-06-29,Chicken,120,23
2020-06-30,Pig,150,199
2020-07-01,Chicken,120,473
2020-07-02,Rabbits,60,263
2020-07-03,Cow,200,192
2020-07-04,Rabbits,60,105
2020-07-05,Horses,100,32
2020-07-06,Horses,100,442
2020-07-07,Chicken,120,35
2020-07-08,Cow,200,181
2020-07-09,Rabbits,60,328
2020-07-10,Chicken,120,297
2020-07-11,Rabbits,60,289
2020-07-12,Chicken,120,407
2020-07-13,Pig,150,455
2020-07-14,Horses,100,435
2020-07-15,Horses,100,114
2020-07-16,Chicken,120,32
2020-07-17,Pig,150,305
2020-07-18,Pig,150,432
2020-07-19,Chicken,120,352
2020-07-20,Chicken,120,247
2020-07-21,Pig,150,172
2020-07-22,Horses,100,158
2020-07-23,Horses,100,387
2020-07-24,Horses,100,154
2020-07-25,Rabbits,60,31
2020-07-26,Chicken,120,324
2020-07-27,Pig,150,65
2020-07-28,Pig,150,390
2020-07-29,Cow,200,291
2020-07-30,Cow,200,230
2020-07-31,Cow,200,16
2020-08-01,Horses,100,308
2020-08-02,Pig,150,111
2020-08-03,Cow,200,292
2020-08-04,Horses,100,133
2020-08-05,Cow,200,259
2020-08-06,Horses,100,411
2020-08-07,Chicken,120,432
2020-08-08,Rabbits,60,64
2020-08-09,Horses,100,98
2020-08-10,Rabbits,60,480
2020-08-11,Rabbits,60,123
2020-08-12,Rabbits,60,50
2020-08-13,Chicken,120,291
2020-08-14,Chicken,120,78
2020-08-15,Cow,200,456
2020-08-16,Chicken,120,119
2020-08-17,Rabbits,60,342
2020-08-18,Chicken,120,404
2020-08-19,Cow,200,187
2020-08-20,Rabbits,60,479
2020-08-21,Horses,100,157
2020-08-22,Horses,100,461
2020-08-23,Rabbits,60,449
2020-08-24,Horses,100,325
2020-08-25,Chicken,120,11
2020-08-26,Pig,150,339
2020-08-27,Horses,100,36
2020-08-28,Cow,200,329
2020-08-29,Rabbits,60,315
2020-08-30,Cow,200,96
2020-08-31,Horses,100,188
2020-09-01,Pig,150,480
2020-09-02,Pig,150,127
2020-09-03,Pig,150,227
2020-09-04,Cow,200,60
2020-09-05,Rabbits,60,360
2020-09-06,Pig,150,277
2020-09-07,Chicken,120,216
2020-09-08,Cow,200,8
2020-09-09,Pig,150,267
2020-09-10,Rabbits,60,396
2020-09-11,Rabbits,60,176
2020-09-12,Horses,100,302
2020-09-13,Horses,100,33
2020-09-14,Cow,200,392
2020-09-15,Pig,150,238
2020-09-16,Chicken,120,352
2020-09-17,Horses,100,356
2020-09-18,Pig,150,193
2020-09-19,Chicken,120,11
2020-09-20,Horses,100,154
2020-09-21,Pig,150,159
2020-09-22,Cow,200,230
2020-09-23,Pig,150,108
2020-09-24,Rabbits,60,199
2020-09-25,Cow,200,234
2020-09-26,Cow,200,86
2020-09-27,Pig,150,377
2020-09-28,Horses,100,378
2020-09-29,Chicken,120,461
2020-09-30,Rabbits,60,241
2020-10-01,Horses,100,330
2020-10-02,Cow,200,134
2020-10-03,Rabbits,60,292
2020-10-04,Horses,100,449
2020-10-05,Chicken,120,72
2020-10-06,Horses,100,199
2020-10-07,Cow,200,277
2020-10-08,Cow,200,292
2020-10-09,Pig,150,322
2020-10-10,Horses,100,312
2020-10-11,Cow,200,203
2020-10-12,Chicken,120,251
2020-10-13,Horses,100,207
2020-10-14,Chicken,120,229
2020-10-15,Horses,100,49
2020-10-16,Chicken,120,289
2020-10-17,Cow,200,100
2020-10-18,Chicken,120,32
2020-10-19,Chicken,120,466
2020-10-20,Cow,200,460
2020-10-21,Horses,100,496
2020-10-22,Chicken,120,408
2020-10-23,Cow,200,292
2020-10-24,Cow,200,18
2020-10-25,Rabbits,60,271
2020-10-26,Rabbits,60,39
2020-10-27,Rabbits,60,278
2020-10-28,Pig,150,9
2020-10-29,Rabbits,60,371
2020-10-30,Horses,100,27
2020-10-31,Rabbits,60,343
2020-11-01,Horses,100,91
2020-11-02,Cow,200,307
2020-11-03,Horses,100,158
2020-11-04,Cow,200,136
2020-11-05,Pig,150,219
2020-11-06,Cow,200,35
2020-11-07,Pig,150,335
2020-11-08,Horses,100,283
2020-11-09,Chicken,120,461
2020-11-10,Horses,100,222
2020-11-11,Horses,100,318
2020-11-12,Rabbits,60,187
2020-11-13,Cow,200,314
2020-11-14,Rabbits,60,423
2020-11-15,Horses,100,441
2020-11-16,Horses,100,152
2020-11-17,Chicken,120,72
2020-11-18,Pig,150,298
2020-11-19,Horses,100,129
2020-11-20,Pig,150,411
2020-11-21,Horses,100,87
2020-11-22,Cow,200,32
2020-11-23,Cow,200,91
2020-11-24,Cow,200,477
2020-11-25,Chicken,120,245
2020-11-26,Cow,200,180
2020-11-27,Cow,200,175
2020-11-28,Horses,100,308
2020-11-29,Rabbits,60,478
2020-11-30,Cow,200,427
2020-12-01,Cow,200,186
2020-12-02,Cow,200,159
2020-12-03,Cow,200,458
2020-12-04,Rabbits,60,394
2020-12-05,Chicken,120,340
2020-12-06,Chicken,120,433
2020-12-07,Pig,150,321
2020-12-08,Horses,100,293
2020-12-09,Horses,100,127
2020-12-10,Horses,100,484
2020-12-11,Horses,100,24
2020-12-12,Horses,100,114
2020-12-13,Horses,100,4
2020-12-14,Horses,100,158
2020-12-15,Rabbits,60,426
2020-12-16,Cow,200,112
2020-12-17,Pig,150,236
2020-12-18,Cow,200,478
2020-12-19,Rabbits,60,33
2020-12-20,Cow,200,398
2020-12-21,Rabbits,60,173
2020-12-22,Cow,200,341
2020-12-23,Chicken,120,230
2020-12-24,Rabbits,60,204
2020-12-25,Horses,100,186
2020-12-26,Rabbits,60,476
2020-12-27,Chicken,120,477
2020-12-28,Horses,100,57
2020-12-29,Chicken,120,203
2020-12-30,Pig,150,88
2020-12-31,Chicken,120,26
2021-01-01,Rabbits,60,437
2021-01-02,Horses,100,491
2021-01-03,Rabbits,60,209
2021-01-04,Cow,200,24
2021-01-05,Pig,150,169
2021-01-06,Horses,100,48
2021-01-07,Cow,200,205
2021-01-08,Chicken,120,302
2021-01-09,Horses,100,418
2021-01-10,Horses,100,49
2021-01-11,Chicken,120,362
2021-01-12,Chicken,120,362
2021-01-13,Rabbits,60,207
2021-01-14,Horses,100,230
2021-01-15,Cow,200,179
2021-01-16,Rabbits,60,355
2021-01-17,Cow,200,381
2021-01-18,Cow,200,93
2021-01-19,Chicken,120,28
2021-01-20,Rabbits,60,62
2021-01-21,Pig,150,72
2021-01-22,Chicken,120,234
2021-01-23,Pig,150,27
2021-01-24,Pig,150,16
2021-01-25,Cow,200,411
2021-01-26,Rabbits,60,243
2021-01-27,Horses,100,460
2021-01-28,Cow,200,402
2021-01-29,Rabbits,60,114
2021-01-30,Chicken,120,184
2021-01-31,Chicken,120,231
2021-02-01,Pig,150,497
2021-02-02,Pig,150,126
2021-02-03,Cow,200,313
2021-02-04,Rabbits,60,361
2021-02-05,Chicken,120,225
2021-02-06,Chicken,120,363
2021-02-07,Chicken,120,170
2021-02-08,Pig,150,360
2021-02-09,Rabbits,60,40
2021-02-10,Chicken,120,155
2021-02-11,Chicken,120,12
2021-02-12,Pig,150,333
2021-02-13,Cow,200,34
2021-02-14,Horses,100,476
2021-02-15,Horses,100,117
2021-02-16,Horses,100,497
2021-02-17,Pig,150,248
2021-02-18,Horses,100,372
2021-02-19,Cow,200,171
2021-02-20,Horses,100,240
2021-02-21,Chicken,120,155
2021-02-22,Cow,200,47
2021-02-23,Chicken,120,34
2021-02-24,Chicken,120,343
2021-02-25,Rabbits,60,211
2021-02-26,Rabbits,60,409
2021-02-27,Cow,200,244
2021-02-28,Rabbits,60,87
2021-03-01,Cow,200,43
2021-03-02,Pig,150,492
2021-03-03,Horses,100,391
2021-03-04,Pig,150,434
2021-03-05,Chicken,120,286
2021-03-06,Rabbits,60,144
2021-03-07,Rabbits,60,214
2021-03-08,Chicken,120,141
2021-03-09,Horses,100,414
2021-03-10,Pig,150,283
2021-03-11,Rabbits,60,313
2021-03-12,Pig,150,114
2021-03-13,Horses,100,405
2021-03-14,Chicken,120,338
2021-03-15,Pig,150,89
2021-03-16,Pig,150,373
2021-03-17,Rabbits,60,105
2021-03-18,Rabbits,60,347
2021-03-19,Pig,150,439
2021-03-20,Pig,150,449
2021-03-21,Horses,100,220
2021-03-22,Rabbits,60,170
2021-03-23,Pig,150,30
2021-03-24,Rabbits,60,104
2021-03-25,Pig,150,371
2021-03-26,Chicken,120,82
2021-03-27,Pig,150,34
2021-03-28,Rabbits,60,50
2021-03-29,Chicken,120,166
2021-03-30,Horses,100,282
2021-03-31,Cow,200,294
2021-04-01,Pig,150,233
2021-04-02,Horses,100,132
2021-04-03,Horses,100,404
2021-04-04,Horses,100,339
2021-04-05,Horses,100,403
2021-04-06,Cow,200,374
2021-04-07,Horses,100,264
2021-04-08,Horses,100,147
2021-04-09,Rabbits,60,146
2021-04-10,Pig,150,58
2021-04-11,Chicken,120,126
2021-04-12,Chicken,120,29
2021-04-13,Chicken,120,189
2021-04-14,Pig,150,255
2021-04-15,Cow,200,484
2021-04-16,Cow,200,259
2021-04-17,Pig,150,453
2021-04-18,Chicken,120,97
2021-04-19,Rabbits,60,376
2021-04-20,Cow,200,215
2021-04-21,Cow,200,8
2021-04-22,Horses,100,499
2021-04-23,Rabbits,60,281
2021-04-24,Pig,150,382
2021-04-25,Pig,150,176
2021-04-26,Horses,100,463
2021-04-27,Pig,150,38
2021-04-28,Rabbits,60,349
2021-04-29,Rabbits,60,127
2021-04-30,Rabbits,60,100
2021-05-01,Rabbits,60,149
2021-05-02,Chicken,120,453
2021-05-03,Horses,100,409
2021-05-04,Chicken,120,17
2021-05-05,Horses,100,92
2021-05-06,Horses,100,67
2021-05-07,Cow,200,498
2021-05-08,Rabbits,60,96
2021-05-09,Horses,100,98
2021-05-10,Rabbits,60,212
2021-05-11,Rabbits,60,374
2021-05-12,Horses,100,79
2021-05-13,Rabbits,60,428
2021-05-14,Chicken,120,491
2021-05-15,Cow,200,150
2021-05-16,Horses,100,74
2021-05-17,Horses,100,111
2021-05-18,Horses,100,116
2021-05-19,Pig,150,207
2021-05-20,Cow,200,139
2021-05-21,Rabbits,60,292
2021-05-22,Cow,200,128
2021-05-23,Chicken,120,251
2021-05-24,Cow,200,225
2021-05-25,Rabbits,60,386
2021-05-26,Rabbits,60,83
2021-05-27,Chicken,120,58
2021-05-28,Chicken,120,466
2021-05-29,Rabbits,60,484
2021-05-30,Cow,200,244
2021-05-31,Chicken,120,297
2021-06-01,Rabbits,60,72
2021-06-02,Horses,100,54
2021-06-03,Pig,150,173
2021-06-04,Rabbits,60,406
2021-06-05,Chicken,120,263
2021-06-06,Horses,100,121
2021-06-07,Cow,200,357
2021-06-08,Chicken,120,347
2021-06-09,Cow,200,413
2021-06-10,Cow,200,67
2021-06-11,Pig,150,143
2021-06-12,Pig,150,426
2021-06-13,Rabbits,60,127
2021-06-14,Chicken,120,281
2021-06-15,Horses,100,289
2021-06-16,Cow,200,354
2021-06-17,Chicken,120,35
2021-06-18,Pig,150,273
2021-06-19,Chicken,120,236
2021-06-20,Cow,200,123
2021-06-21,Rabbits,60,169
2021-06-22,Cow,200,4
2021-06-23,Cow,200,444
2021-06-24,Chicken,120,27
2021-06-25,Rabbits,60,114
2021-06-26,Cow,200,469
2021-06-27,Pig,150,5
2021-06-28,Horses,100,3
2021-06-29,Rabbits,60,373
2021-06-30,Pig,150,154
2021-07-01,Pig,150,293
2021-07-02,Cow,200,47
2021-07-03,Chicken,120,477
2021-07-04,Pig,150,142
2021-07-05,Cow,200,405
2021-07-06,Cow,200,368
2021-07-07,Pig,150,101
2021-07-08,Rabbits,60,168
2021-07-09,Pig,150,407
2021-07-10,Chicken,120,192
2021-07-11,Horses,100,324
2021-07-12,Horses,100,36
2021-07-13,Chicken,120,282
2021-07-14,Pig,150,479
2021-07-15,Horses,100,114
2021-07-16,Cow,200,262
2021-07-17,Horses,100,478
2021-07-18,Chicken,120,202
2021-07-19,Rabbits,60,436
2021-07-20,Horses,100,114
2021-07-21,Pig,150,417
2021-07-22,Horses,100,189
2021-07-23,Rabbits,60,45
2021-07-24,Rabbits,60,438
2021-07-25,Rabbits,60,322
2021-07-26,Chicken,120,108
2021-07-27,Horses,100,322
2021-07-28,Cow,200,309
2021-07-29,Horses,100,87
2021-07-30,Rabbits,60,312
2021-07-31,Rabbits,60,195
2021-08-01,Chicken,120,418
2021-08-02,Cow,200,21
2021-08-03,Pig,150,94
2021-08-04,Cow,200,182
2021-08-05,Cow,200,422
2021-08-06,Horses,100,43
2021-08-07,Cow,200,158
2021-08-08,Chicken,120,239
2021-08-09,Rabbits,60,496
2021-08-10,Pig,150,49
2021-08-11,Horses,100,129
2021-08-12,Rabbits,60,289
2021-08-13,Chicken,120,11
2021-08-14,Cow,200,182
2021-08-15,Pig,150,111
2021-08-16,Pig,150,29
2021-08-17,Chicken,120,283
2021-08-18,Rabbits,60,116
2021-08-19,Chicken,120,487
2021-08-20,Chicken,120,485
2021-08-21,Pig,150,137
2021-08-22,Pig,150,338
2021-08-23,Chicken,120,203
2021-08-24,Chicken,120,112
2021-08-25,Pig,150,422
2021-08-26,Chicken,120,36
2021-08-27,Chicken,120,298
2021-08-28,Rabbits,60,478
2021-08-29,Pig,150,231
2021-08-30,Cow,200,184
2021-08-31,Cow,200,66
2021-09-01,Rabbits,60,425
2021-09-02,Cow,200,259
2021-09-03,Pig,150,163
2021-09-04,Pig,150,393
2021-09-05,Horses,100,321
2021-09-06,Chicken,120,81
2021-09-07,Cow,200,232
2021-09-08,Cow,200,109
2021-09-09,Cow,200,472
2021-09-10,Chicken,120,353
2021-09-11,Horses,100,235
2021-09-12,Cow,200,62
2021-09-13,Rabbits,60,204
2021-09-14,Chicken,120,490
2021-09-15,Horses,100,330
2021-09-16,Rabbits,60,17
2021-09-17,Chicken,120,487
2021-09-18,Chicken,120,27
2021-09-19,Horses,100,470
2021-09-20,Horses,100,340
2021-09-21,Chicken,120,97
2021-09-22,Chicken,120,155
2021-09-23,Chicken,120,249
2021-09-24,Cow,200,432
2021-09-25,Horses,100,187
2021-09-26,Cow,200,314
2021-09-27,Cow,200,98
2021-09-28,Chicken,120,325
2021-09-29,Pig,150,15
2021-09-30,Chicken,120,434
2021-10-01,Chicken,120,234
2021-10-02,Pig,150,478
2021-10-03,Horses,100,369
2021-10-04,Pig,150,14
2021-10-05,Pig,150,286
2021-10-06,Pig,150,75
2021-10-07,Horses,100,260
2021-10-08,Cow,200,188
2021-10-09,Chicken,120,187
2021-10-10,Rabbits,60,74
2021-10-11,Pig,150,217
2021-10-12,Horses,100,441
2021-10-13,Pig,150,435
2021-10-14,Chicken,120,47
2021-10-15,Chicken,120,124
2021-10-16,Chicken,120,21
2021-10-17,Cow,200,448
2021-10-18,Chicken,120,182
2021-10-19,Cow,200,123
2021-10-20,Cow,200,258
2021-10-21,Pig,150,122
2021-10-22,Rabbits,60,287
2021-10-23,Cow,200,482
2021-10-24,Pig,150,489
2021-10-25,Pig,150,167
2021-10-26,Horses,100,83
2021-10-27,Rabbits,60,331
2021-10-28,Horses,100,217
2021-10-29,Cow,200,42
2021-10-30,Horses,100,212
2021-10-31,Rabbits,60,24
2021-11-01,Cow,200,348
2021-11-02,Chicken,120,126
2021-11-03,Horses,100,402
2021-11-04,Pig,150,277
2021-11-05,Cow,200,38
2021-11-06,Rabbits,60,307
2021-11-07,Rabbits,60,169
2021-11-08,Chicken,120,319
2021-11-09,Rabbits,60,382
2021-11-10,Cow,200,473
2021-11-11,Chicken,120,350
2021-11-12,Rabbits,60,33
2021-11-13,Rabbits,60,152
2021-11-14,Rabbits,60,108
2021-11-15,Rabbits,60,193
2021-11-16,Horses,100,147
2021-11-17,Chicken,120,84
2021-11-18,Chicken,120,31
2021-11-19,Rabbits,60,322
2021-11-20,Cow,200,303
2021-11-21,Cow,200,174
2021-11-22,Pig,150,471
2021-11-23,Rabbits,60,393
2021-11-24,Cow,200,306
2021-11-25,Chicken,120,480
2021-11-26,Rabbits,60,445
2021-11-27,Pig,150,254
2021-11-28,Chicken,120,84
2021-11-29,Horses,100,351
2021-11-30,Rabbits,60,220
2021-12-01,Rabbits,60,442
2021-12-02,Horses,100,299
2021-12-03,Horses,100,139
2021-12-04,Rabbits,60,421
2021-12-05,Cow,200,457
2021-12-06,Cow,200,159
2021-12-07,Horses,100,234
2021-12-08,Pig,150,333
2021-12-09,Horses,100,203
2021-12-10,Horses,100,236
2021-12-11,Pig,150,174
2021-12-12,Pig,150,145
2021-12-13,Chicken,120,304
2021-12-14,Cow,200,446
2021-12-15,Horses,100,483
2021-12-16,Horses,100,146
2021-12-17,Pig,150,76
2021-12-18,Chicken,120,331
2021-12-19,Horses,100,202
2021-12-20,Cow,200,445
2021-12-21,Pig,150,406
2021-12-22,Rabbits,60,7
2021-12-23,Rabbits,60,300
2021-12-24,Horses,100,493
2021-12-25,Cow,200,10
2021-12-26,Rabbits,60,137
2021-12-27,Cow,200,269
2021-12-28,Pig,150,177
2021-12-29,Rabbits,60,392
2021-12-30,Chicken,120,420
2021-12-31,Horses,100,293
2022-01-01,Pig,150,459
2022-01-02,Rabbits,60,58
2022-01-03,Rabbits,60,211
2022-01-04,Rabbits,60,328
2022-01-05,Pig,150,497
2022-01-06,Pig,150,416
2022-01-07,Rabbits,60,123
2022-01-08,Chicken,120,470
2022-01-09,Cow,200,427
2022-01-10,Cow,200,26
2022-01-11,Rabbits,60,451
2022-01-12,Horses,100,422
2022-01-13,Chicken,120,231
2022-01-14,Horses,100,264
2022-01-15,Pig,150,429
2022-01-16,Cow,200,90
2022-01-17,Chicken,120,363
2022-01-18,Cow,200,280
2022-01-19,Horses,100,496
2022-01-20,Horses,100,127
2022-01-21,Chicken,120,109
2022-01-22,Cow,200,395
2022-01-23,Pig,150,366
2022-01-24,Chicken,120,157
2022-01-25,Horses,100,18
2022-01-26,Horses,100,317
2022-01-27,Horses,100,464
2022-01-28,Horses,100,414
2022-01-29,Chicken,120,203
2022-01-30,Pig,150,64
2022-01-31,Horses,100,72
2022-02-01,Cow,200,104
2022-02-02,Rabbits,60,257
2022-02-03,Pig,150,444
2022-02-04,Pig,150,61
2022-02-05,Rabbits,60,483
2022-02-06,Cow,200,138
2022-02-07,Rabbits,60,95
2022-02-08,Pig,150,106
2022-02-09,Chicken,120,93
2022-02-10,Chicken,120,52
2022-02-11,Rabbits,60,80
2022-02-12,Horses,100,458
2022-02-13,Rabbits,60,69
2022-02-14,Rabbits,60,165
2022-02-15,Pig,150,469
2022-02-16,Cow,200,8
2022-02-17,Chicken,120,40
2022-02-18,Cow,200,472
2022-02-19,Rabbits,60,457
2022-02-20,Horses,100,430
2022-02-21,Horses,100,120
2022-02-22,Pig,150,129
2022-02-23,Pig,150,156
2022-02-24,Rabbits,60,486
2022-02-25,Cow,200,407
2022-02-26,Cow,200,165
2022-02-27,Pig,150,276
2022-02-28,Pig,150,86
2022-03-01,Rabbits,60,118
2022-03-02,Rabbits,60,185
2022-03-03,Rabbits,60,412
2022-03-04,Chicken,120,157
2022-03-05,Cow,200,421
2022-03-06,Chicken,120,313
2022-03-07,Cow,200,137
2022-03-08,Rabbits,60,257
2022-03-09,Rabbits,60,151
2022-03-10,Rabbits,60,368
2022-03-11,Horses,100,233
2022-03-12,Rabbits,60,330
2022-03-13,Rabbits,60,373
2022-03-14,Horses,100,313
2022-03-15,Chicken,120,89
2022-03-16,Cow,200,237
2022-03-17,Horses,100,352
2022-03-18,Rabbits,60,434
2022-03-19,Chicken,120,170
2022-03-20,Cow,200,120
2022-03-21,Cow,200,380
2022-03-22,Rabbits,60,103
2022-03-23,Rabbits,60,149
2022-03-24,Pig,150,283
2022-03-25,Cow,200,336
2022-03-26,Chicken,120,3
2022-03-27,Rabbits,60,440
2022-03-28,Horses,100,112
2022-03-29,Pig,150,333
2022-03-30,Rabbits,60,24
2022-03-31,Pig,150,378
2022-04-01,Cow,200,396
2022-04-02,Pig,150,40
2022-04-03,Rabbits,60,499
2022-04-04,Chicken,120,246
2022-04-05,Pig,150,471
2022-04-06,Cow,200,373
2022-04-07,Horses,100,277
2022-04-08,Horses,100,358
2022-04-09,Cow,200,246
2022-04-10,Cow,200,367
2022-04-11,Chicken,120,27
2022-04-12,Rabbits,60,483
2022-04-13,Chicken,120,152
2022-04-14,Horses,100,339
2022-04-15,Cow,200,275
2022-04-16,Pig,150,337
2022-04-17,Chicken,120,50
2022-04-18,Horses,100,265
2022-04-19,Chicken,120,106
2022-04-20,Chicken,120,405
2022-04-21,Pig,150,213
2022-04-22,Horses,100,455
2022-04-23,Horses,100,249
2022-04-24,Rabbits,60,20
2022-04-25,Pig,150,495
2022-04-26,Chicken,120,62
2022-04-27,Pig,150,94
2022-04-28,Rabbits,60,12
2022-04-29,Chicken,120,297
2022-04-30,Horses,100,397
2022-05-01,Rabbits,60,27
2022-05-02,Chicken,120,372
2022-05-03,Cow,200,196
2022-05-04,Pig,150,26
2022-05-05,Pig,150,245
2022-05-06,Pig,150,302
2022-05-07,Pig,150,295
2022-05-08,Chicken,120,185
2022-05-09,Pig,150,278
2022-05-10,Cow,200,261
2022-05-11,Rabbits,60,418
2022-05-12,Cow,200,293
2022-05-13,Horses,100,372
2022-05-14,Horses,100,321
2022-05-15,Rabbits,60,318
2022-05-16,Cow,200,327
2022-05-17,Horses,100,48
2022-05-18,Cow,200,415
2022-05-19,Pig,150,347
2022-05-20,Rabbits,60,487
2022-05-21,Cow,200,482
2022-05-22,Rabbits,60,268
2022-05-23,Rabbits,60,264
2022-05-24,Chicken,120,257
2022-05-25,Rabbits,60,493
2022-05-26,Pig,150,285
2022-05-27,Pig,150,275
2022-05-28,Horses,100,388
2022-05-29,Horses,100,479
2022-05-30,Cow,200,17
2022-05-31,Cow,200,451
2022-06-01,Cow,200,151
2022-06-02,Rabbits,60,310
2022-06-03,Horses,100,145
2022-06-04,Cow,200,451
2022-06-05,Pig,150,62
2022-06-06,Rabbits,60,103
2022-06-07,Cow,200,389
2022-06-08,Chicken,120,264
2022-06-09,Pig,150,271
2022-06-10,Cow,200,307
2022-06-11,Cow,200,238
2022-06-12,Rabbits,60,414
2022-06-13,Horses,100,446
2022-06-14,Rabbits,60,185
2022-06-15,Pig,150,91
2022-06-16,Cow,200,124
2022-06-17,Pig,150,346
2022-06-18,Chicken,120,249
2022-06-19,Horses,100,346
2022-06-20,Pig,150,172
2022-06-21,Horses,100,365
2022-06-22,Rabbits,60,437
2022-06-23,Horses,100,181
2022-06-24,Horses,100,356
2022-06-25,Horses,100,216
2022-06-26,Horses,100,20
2022-06-27,Horses,100,272
2022-06-28,Rabbits,60,372
2022-06-29,Rabbits,60,124
2022-06-30,Cow,200,131
2022-07-01,Cow,200,36
2022-07-02,Rabbits,60,275
2022-07-03,Pig,150,305
2022-07-04,Chicken,120,12
2022-07-05,Pig,150,118
2022-07-06,Pig,150,13
2022-07-07,Cow,200,294
2022-07-08,Cow,200,106
2022-07-09,Cow,200,90
2022-07-10,Cow,200,125
2022-07-11,Horses,100,476
2022-07-12,Rabbits,60,340
2022-07-13,Pig,150,286
2022-07-14,Horses,100,465
2022-07-15,Pig,150,301
2022-07-16,Rabbits,60,389
2022-07-17,Chicken,120,95
2022-07-18,Horses,100,132
2022-07-19,Cow,200,318
2022-07-20,Pig,150,450
2022-07-21,Cow,200,344
2022-07-22,Pig,150,447
2022-07-23,Rabbits,60,21
2022-07-24,Horses,100,473
2022-07-25,Cow,200,339
2022-07-26,Horses,100,78
2022-07-27,Cow,200,300
2022-07-28,Pig,150,243
2022-07-29,Cow,200,416
2022-07-30,Cow,200,312
2022-07-31,Horses,100,487
2022-08-01,Pig,150,455
2022-08-02,Cow,200,213
2022-08-03,Cow,200,91
2022-08-04,Rabbits,60,313
2022-08-05,Rabbits,60,174
2022-08-06,Cow,200,274
2022-08-07,Cow,200,443
2022-08-08,Cow,200,5
2022-08-09,Chicken,120,461
2022-08-10,Pig,150,168
2022-08-11,Cow,200,255
2022-08-12,Rabbits,60,286
2022-08-13,Pig,150,43
2022-08-14,Chicken,120,47
2022-08-15,Pig,150,231
2022-08-16,Chicken,120,435
2022-08-17,Horses,100,440
2022-08-18,Cow,200,90
2022-08-19,Cow,200,237
2022-08-20,Cow,200,22
2022-08-21,Chicken,120,423
2022-08-22,Pig,150,152
2022-08-23,Horses,100,151
2022-08-24,Horses,100,57
2022-08-25,Chicken,120,326
2022-08-26,Cow,200,314
2022-08-27,Pig,150,294
2022-08-28,Horses,100,29
2022-08-29,Horses,100,73
2022-08-30,Cow,200,413
2022-08-31,Chicken,120,156
2022-09-01,Rabbits,60,142
2022-09-02,Cow,200,112
2022-09-03,Cow,200,63
2022-09-04,Pig,150,124
2022-09-05,Chicken,120,88
2022-09-06,Chicken,120,456
2022-09-07,Chicken,120,241
2022-09-08,Pig,150,139
2022-09-09,Cow,200,378
2022-09-10,Chicken,120,56
2022-09-11,Cow,200,64
2022-09-12,Horses,100,251
2022-09-13,Rabbits,60,328
2022-09-14,Chicken,120,400
2022-09-15,Rabbits,60,77
2022-09-16,Chicken,120,367
2022-09-17,Pig,150,443
2022-09-18,Cow,200,62
2022-09-19,Chicken,120,71
2022-09-20,Pig,150,220
2022-09-21,Horses,100,342
2022-09-22,Rabbits,60,110
2022-09-23,Rabbits,60,44
2022-09-24,Rabbits,60,390
2022-09-25,Rabbits,60,230
2022-09-26,Cow,200,88
2022-09-27,Rabbits,60,300
2022-09-28,Chicken,120,152
2022-09-29,Horses,100,198
2022-09-30,Rabbits,60,171
2022-10-01,Rabbits,60,78
2022-10-02,Cow,200,270
2022-10-03,Chicken,120,470
2022-10-04,Rabbits,60,336
2022-10-05,Horses,100,476
2022-10-06,Chicken,120,462
2022-10-07,Chicken,120,210
2022-10-08,Pig,150,222
2022-10-09,Rabbits,60,250
2022-10-10,Pig,150,394
2022-10-11,Rabbits,60,40
2022-10-12,Horses,100,360
2022-10-13,Cow,200,246
2022-10-14,Horses,100,85
2022-10-15,Horses,100,305
2022-10-16,Chicken,120,216
2022-10-17,Horses,100,79
2022-10-18,Horses,100,392
2022-10-19,Chicken,120,16
2022-10-20,Horses,100,386
2022-10-21,Chicken,120,270
2022-10-22,Cow,200,127
2022-10-23,Horses,100,404
2022-10-24,Rabbits,60,89
2022-10-25,Rabbits,60,465
2022-10-26,Cow,200,209
2022-10-27,Horses,100,137
2022-10-28,Cow,200,321
2022-10-29,Cow,200,452
2022-10-30,Pig,150,294
2022-10-31,Chicken,120,199
2022-11-01,Horses,100,421
2022-11-02,Cow,200,265
2022-11-03,Chicken,120,379
2022-11-04,Chicken,120,356
2022-11-05,Pig,150,56
2022-11-06,Horses,100,468
2022-11-07,Rabbits,60,229
2022-11-08,Chicken,120,334
2022-11-09,Cow,200,283
2022-11-10,Rabbits,60,367
2022-11-11,Cow,200,316
2022-11-12,Rabbits,60,293
2022-11-13,Chicken,120,135
2022-11-14,Chicken,120,429
2022-11-15,Cow,200,103
2022-11-16,Chicken,120,201
2022-11-17,Rabbits,60,79
2022-11-18,Rabbits,60,289
2022-11-19,Chicken,120,16
2022-11-20,Chicken,120,457
2022-11-21,Chicken,120,320
2022-11-22,Horses,100,69
2022-11-23,Chicken,120,194
2022-11-24,Horses,100,366
2022-11-25,Horses,100,418
2022-11-26,Rabbits,60,378
2022-11-27,Cow,200,275
2022-11-28,Cow,200,423
2022-11-29,Horses,100,347
2022-11-30,Pig,150,314
2022-12-01,Pig,150,239
2022-12-02,Cow,200,195
2022-12-03,Cow,200,65
2022-12-04,Chicken,120,192
2022-12-05,Cow,200,52
2022-12-06,Pig,150,386
2022-12-07,Rabbits,60,372
2022-12-08,Pig,150,235
2022-12-09,Cow,200,19
2022-12-10,Pig,150,483
2022-12-11,Horses,100,429
2022-12-12,Horses,100,107
2022-12-13,Rabbits,60,110
2022-12-14,Chicken,120,452
2022-12-15,Rabbits,60,23
2022-12-16,Rabbits,60,106
2022-12-17,Chicken,120,14
2022-12-18,Pig,150,50
2022-12-19,Rabbits,60,32
2022-12-20,Rabbits,60,337
2022-12-21,Horses,100,427
2022-12-22,Pig,150,296
2022-12-23,Cow,200,215
2022-12-24,Rabbits,60,475
2022-12-25,Rabbits,60,138
2022-12-26,Chicken,120,119
2022-12-27,Rabbits,60,80
2022-12-28,Cow,200,370
2022-12-29,Horses,100,304
2022-12-30,Pig,150,218
2022-12-31,Pig,150,64
2023-01-01,Chicken,120,78
2023-01-02,Cow,200,143
2023-01-03,Pig,150,335
2023-01-04,Chicken,120,312
2023-01-05,Rabbits,60,496
2023-01-06,Pig,150,127
2023-01-07,Cow,200,448
2023-01-08,Pig,150,24
2023-01-09,Chicken,120,377
2023-01-10,Cow,200,366
2023-01-11,Chicken,120,100
2023-01-12,Cow,200,460
2023-01-13,Chicken,120,490
2023-01-14,Cow,200,356
2023-01-15,Pig,150,110
2023-01-16,Pig,150,14
2023-01-17,Cow,200,207
2023-01-18,Cow,200,173
2023-01-19,Rabbits,60,260
2023-01-20,Cow,200,62
2023-01-21,Pig,150,82
2023-01-22,Cow,200,377
2023-01-23,Horses,100,159
2023-01-24,Cow,200,303
2023-01-25,Horses,100,339
2023-01-26,Chicken,120,85
2023-01-27,Chicken,120,74
2023-01-28,Chicken,120,420
2023-01-29,Rabbits,60,273
2023-01-30,Horses,100,320
2023-01-31,Chicken,120,285
2023-02-01,Horses,100,241
2023-02-02,Horses,100,177
2023-02-03,Rabbits,60,296
2023-02-04,Pig,150,29
2023-02-05,Pig,150,114
2023-02-06,Pig,150,135
2023-02-07,Horses,100,292
2023-02-08,Rabbits,60,299
2023-02-09,Pig,150,429
2023-02-10,Pig,150,69
2023-02-11,Pig,150,169
2023-02-12,Rabbits,60,54
2023-02-13,Pig,150,480
2023-02-14,Pig,150,197
2023-02-15,Cow,200,488
2023-02-16,Horses,100,288
2023-02-17,Chicken,120,103
2023-02-18,Chicken,120,349
2023-02-19,Chicken,120,4
2023-02-20,Pig,150,3
2023-02-21,Pig,150,489
2023-02-22,Rabbits,60,44
2023-02-23,Pig,150,186
2023-02-24,Rabbits,60,375
2023-02-25,Pig,150,96
2023-02-26,Cow,200,366
2023-02-27,Chicken,120,339
2023-02-28,Rabbits,60,41
2023-03-01,Pig,150,97
2023-03-02,Cow,200,311
2023-03-03,Horses,100,452
2023-03-04,Horses,100,229
2023-03-05,Cow,200,88
2023-03-06,Horses,100,465
2023-03-07,Pig,150,366
2023-03-08,Cow,200,8
2023-03-09,Pig,150,156
2023-03-10,Chicken,120,423
2023-03-11,Horses,100,210
2023-03-12,Cow,200,170
2023-03-13,Cow,200,276
2023-03-14,Cow,200,12
2023-03-15,Chicken,120,126
2023-03-16,Pig,150,268
2023-03-17,Horses,100,368
2023-03-18,Pig,150,272
2023-03-19,Cow,200,32
2023-03-20,Horses,100,7
2023-03-21,Rabbits,60,329
2023-03-22,Chicken,120,226
2023-03-23,Horses,100,207
2023-03-24,Cow,200,423
2023-03-25,Cow,200,428
2023-03-26,Chicken,120,483
2023-03-27,Rabbits,60,8
2023-03-28,Chicken,120,223
2023-03-29,Horses,100,169
2023-03-30,Horses,100,271
2023-03-31,Horses,100,201
2023-04-01,Cow,200,134
2023-04-02,Rabbits,60,75
2023-04-03,Chicken,120,243
2023-04-04,Pig,150,283
2023-04-05,Chicken,120,118
2023-04-06,Pig,150,470
2023-04-07,Cow,200,63
2023-04-08,Horses,100,426
2023-04-09,Horses,100,27
2023-04-10,Rabbits,60,270
2023-04-11,Rabbits,60,182
2023-04-12,Chicken,120,9
2023-04-13,Pig,150,47
2023-04-14,Cow,200,361
2023-04-15,Pig,150,86
2023-04-16,Cow,200,305
2023-04-17,Rabbits,60,431
2023-04-18,Chicken,120,93
2023-04-19,Chicken,120,30
2023-04-20,Rabbits,60,387
2023-04-21,Rabbits,60,266
2023-04-22,Cow,200,305
2023-04-23,Cow,200,477
2023-04-24,Chicken,120,106
2023-04-25,Chicken,120,185
2023-04-26,Horses,100,386
2023-04-27,Pig,150,471
2023-04-28,Cow,200,428
2023-04-29,Rabbits,60,393
2023-04-30,Cow,200,475
2023-05-01,Horses,100,363
2023-05-02,Chicken,120,305
2023-05-03,Chicken,120,324
2023-05-04,Horses,100,414
2023-05-05,Pig,150,457
2023-05-06,Cow,200,455
2023-05-07,Pig,150,237
2023-05-08,Chicken,120,219
2023-05-09,Pig,150,274
2023-05-10,Pig,150,223
2023-05-11,Rabbits,60,323
2023-05-12,Cow,200,124
2023-05-13,Horses,100,317
2023-05-14,Chicken,120,193
2023-05-15,Chicken,120,243
2023-05-16,Horses,100,310
2023-05-17,Cow,200,473
2023-05-18,Horses,100,323
2023-05-19,Rabbits,60,106
2023-05-20,Horses,100,238
2023-05-21,Cow,200,210
2023-05-22,Chicken,120,102
2023-05-23,Chicken,120,85
2023-05-24,Horses,100,204
2023-05-25,Rabbits,60,318
2023-05-26,Horses,100,489
2023-05-27,Horses,100,197
2023-05-28,Rabbits,60,346
2023-05-29,Horses,100,295
2023-05-30,Horses,100,442
2023-05-31,Pig,150,108
2023-06-01,Chicken,120,298
2023-06-02,Chicken,120,86
2023-06-03,Horses,100,118
2023-06-04,Chicken,120,495
2023-06-05,Pig,150,5
2023-06-06,Chicken,120,58
2023-06-07,Chicken,120,339
2023-06-08,Pig,150,208
2023-06-09,Horses,100,194
2023-06-10,Rabbits,60,260
2023-06-11,Rabbits,60,375
2023-06-12,Horses,100,62
2023-06-13,Pig,150,312
2023-06-14,Cow,200,204
2023-06-15,Chicken,120,214
2023-06-16,Cow,200,236
2023-06-17,Horses,100,78
2023-06-18,Cow,200,138
2023-06-19,Pig,150,387
2023-06-20,Pig,150,17
2023-06-21,Cow,200,476
2023-06-22,Rabbits,60,45
2023-06-23,Chicken,120,232
2023-06-24,Cow,200,356
2023-06-25,Horses,100,327
2023-06-26,Horses,100,275
2023-06-27,Chicken,120,172
2023-06-28,Rabbits,60,197
2023-06-29,Cow,200,5
2023-06-30,Horses,100,290
2023-07-01,Rabbits,60,237
2023-07-02,Chicken,120,341
2023-07-03,Horses,100,49
2023-07-04,Pig,150,132
2023-07-05,Cow,200,288
2023-07-06,Cow,200,229
2023-07-07,Cow,200,11
2023-07-08,Cow,200,290
2023-07-09,Chicken,120,7
2023-07-10,Pig,150,104
2023-07-11,Rabbits,60,72
2023-07-12,Cow,200,433
2023-07-13,Horses,100,412
2023-07-14,Rabbits,60,272
2023-07-15,Chicken,120,468
2023-07-16,Rabbits,60,471
2023-07-17,Rabbits,60,459
2023-07-18,Horses,100,283
2023-07-19,Horses,100,27
2023-07-20,Rabbits,60,379
2023-07-21,Rabbits,60,307
2023-07-22,Horses,100,166
2023-07-23,Rabbits,60,331
2023-07-24,Cow,200,136
2023-07-25,Rabbits,60,227
2023-07-26,Cow,200,324
2023-07-27,Rabbits,60,254
2023-07-28,Pig,150,250
2023-07-29,Rabbits,60,23
2023-07-30,Rabbits,60,358
2023-07-31,Chicken,120,388
2023-08-01,Pig,150,389
2023-08-02,Horses,100,199
2023-08-03,Pig,150,149
2023-08-04,Horses,100,367
2023-08-05,Pig,150,40
2023-08-06,Pig,150,439
2023-08-07,Cow,200,370
2023-08-08,Rabbits,60,12
2023-08-09,Horses,100,23
2023-08-10,Chicken,120,375
2023-08-11,Horses,100,332
2023-08-12,Pig,150,495
2023-08-13,Cow,200,71
2023-08-14,Rabbits,60,216
2023-08-15,Chicken,120,254
2023-08-16,Cow,200,316
2023-08-17,Rabbits,60,192
2023-08-18,Pig,150,378
2023-08-19,Chicken,120,401
2023-08-20,Pig,150,5
2023-08-21,Pig,150,72
2023-08-22,Horses,100,105
2023-08-23,Pig,150,488
2023-08-24,Horses,100,165
2023-08-25,Pig,150,392
2023-08-26,Pig,150,34
2023-08-27,Rabbits,60,46
2023-08-28,Cow,200,119
2023-08-29,Horses,100,22
2023-08-30,Horses,100,460
2023-08-31,Horses,100,403
2023-09-01,Cow,200,177
2023-09-02,Horses,100,212
2023-09-03,Cow,200,447
2023-09-04,Rabbits,60,158
2023-09-05,Horses,100,98
2023-09-06,Chicken,120,203
2023-09-07,Chicken,120,8
2023-09-08,Chicken,120,268
2023-09-09,Rabbits,60,342
2023-09-10,Rabbits,60,308
2023-09-11,Chicken,120,177
2023-09-12,Pig,150,394
2023-09-13,Pig,150,125
2023-09-14,Horses,100,327
2023-09-15,Horses,100,310
2023-09-16,Horses,100,358
2023-09-17,Pig,150,297
2023-09-18,Pig,150,312
2023-09-19,Cow,200,427
2023-09-20,Rabbits,60,119
2023-09-21,Pig,150,227
2023-09-22,Cow,200,285
2023-09-23,Horses,100,395
2023-09-24,Rabbits,60,26
2023-09-25,Chicken,120,432
2023-09-26,Chicken,120,460
2023-09-27,Rabbits,60,431
2023-09-28,Cow,200,18
2023-09-29,Pig,150,112
2023-09-30,Horses,100,208
2023-10-01,Pig,150,191
2023-10-02,Pig,150,31
2023-10-03,Rabbits,60,334
2023-10-04,Rabbits,60,117
2023-10-05,Horses,100,81
2023-10-06,Chicken,120,127
2023-10-07,Horses,100,291
2023-10-08,Chicken,120,188
2023-10-09,Chicken,120,91
2023-10-10,Cow,200,285
2023-10-11,Pig,150,433
2023-10-12,Rabbits,60,25
2023-10-13,Pig,150,83
2023-10-14,Pig,150,149
2023-10-15,Rabbits,60,442
2023-10-16,Horses,100,109
2023-10-17,Horses,100,78
2023-10-18,Horses,100,153
2023-10-19,Pig,150,71
2023-10-20,Pig,150,106
2023-10-21,Chicken,120,421
2023-10-22,Cow,200,322
2023-10-23,Chicken,120,64
2023-10-24,Horses,100,425
2023-10-25,Chicken,120,274
2023-10-26,Pig,150,166
2023-10-27,Rabbits,60,86
2023-10-28,Cow,200,43
2023-10-29,Horses,100,423
2023-10-30,Pig,150,54
2023-10-31,Pig,150,94
2023-11-01,Horses,100,128
2023-11-02,Pig,150,276
2023-11-03,Cow,200,264
2023-11-04,Horses,100,129
2023-11-05,Pig,150,19
2023-11-06,Chicken,120,463
2023-11-07,Horses,100,499
2023-11-08,Cow,200,25
2023-11-09,Pig,150,172
2023-11-10,Cow,200,489
2023-11-11,Pig,150,253
2023-11-12,Chicken,120,83
2023-11-13,Horses,100,58
2023-11-14,Cow,200,176
2023-11-15,Pig,150,6
2023-11-16,Cow,200,150
2023-11-17,Cow,200,434
2023-11-18,Cow,200,23
2023-11-19,Chicken,120,177
2023-11-20,Chicken,120,48
2023-11-21,Pig,150,153
2023-11-22,Rabbits,60,493
2023-11-23,Cow,200,242
2023-11-24,Horses,100,281
2023-11-25,Pig,150,456
2023-11-26,Cow,200,52
2023-11-27,Pig,150,441
2023-11-28,Pig,150,450
2023-11-29,Pig,150,344
2023-11-30,Pig,150,222
2023-12-01,Rabbits,60,393
2023-12-02,Pig,150,124
2023-12-03,Cow,200,226
2023-12-04,Rabbits,60,178
2023-12-05,Rabbits,60,36
2023-12-06,Rabbits,60,8
2023-12-07,Chicken,120,415
2023-12-08,Rabbits,60,43
2023-12-09,Cow,200,121
2023-12-10,Chicken,120,209
2023-12-11,Cow,200,434
2023-12-12,Cow,200,257
2023-12-13,Rabbits,60,64
2023-12-14,Rabbits,60,235
2023-12-15,Horses,100,273
2023-12-16,Cow,200,375
2023-12-17,Cow,200,239
2023-12-18,Rabbits,60,82
2023-12-19,Pig,150,80
2023-12-20,Rabbits,60,441
2023-12-21,Rabbits,60,3
2023-12-22,Pig,150,57
2023-12-23,Cow,200,169
2023-12-24,Pig,150,367
2023-12-25,Rabbits,60,391
2023-12-26,Pig,150,435
2023-12-27,Rabbits,60,107
2023-12-28,Horses,100,322
2023-12-29,Rabbits,60,469
2023-12-30,Cow,200,244
2023-12-31,Cow,200,155
